,0,buy Signal
2020-08-03,128764420,Buy
2020-08-03,130428932,Buy
2020-08-10,128017156,Buy
2020-08-10,128124932,Buy
2020-08-10,128181764,Buy
2020-08-10,129417476,Buy
2020-08-10,129555460,Buy
2020-08-10,129563908,Buy
2020-08-10,131417348,Buy
2020-08-10,134314756,Buy
2020-08-10,138098692,Buy
2020-08-17,128011012,Buy
2020-08-17,128084740,Buy
2020-08-17,129417476,Buy
2020-08-17,131386372,Buy
2020-08-17,132450564,Buy
2020-08-17,138854148,Buy
2020-08-17,136334084,Buy
2020-08-17,136355332,Buy
2020-08-17,136435972,Buy
2020-08-17,136739588,Buy
2020-08-17,137153284,Buy
2020-08-17,138098692,Buy
2020-08-24,128011012,Buy
2020-08-24,128041732,Buy
2020-08-24,133989892,Buy
2020-08-24,4959233,Buy
2020-08-24,138582020,Buy
2020-08-24,136024068,Dont Buy
2020-08-24,136519172,Buy
2020-08-31,4959233,Buy
2020-09-14,136064004,Buy
2020-09-14,136237572,Dont Buy
2020-09-21,136403716,Buy
2020-10-05,134881540,Buy
2020-10-05,138754820,Buy
2020-10-12,136418308,Buy
2020-10-19,151046148,Buy
2020-10-19,128027652,Buy
2020-10-19,128028164,Buy
2020-10-19,128029700,Buy
2020-10-19,128130564,Buy
2020-10-19,135681796,Buy
2020-10-19,128568068,Buy
2020-10-19,136286980,Buy
2020-10-19,136911108,Buy
2020-10-19,137898500,Buy
2020-10-26,128074244,Buy
2020-10-26,128105220,Buy
2020-10-26,128130564,Buy
2020-10-26,128202244,Buy
2020-10-26,131424004,Buy
2020-10-26,138336260,Buy
2020-10-26,134314756,Buy
2020-10-26,135681796,Buy
2020-10-26,138918916,Buy
2020-10-26,128568068,Buy
2020-10-26,136286980,Buy
2020-10-26,136432388,Buy
2020-10-26,137898500,Buy
2020-11-02,128026628,Buy
2020-11-02,128034052,Buy
2020-11-02,128063748,Buy
2020-11-02,129329156,Buy
2020-11-02,129459204,Buy
2020-11-02,131424004,Buy
2020-11-02,138336260,Buy
2020-11-02,134314756,Buy
2020-11-02,134325508,Buy
2020-11-02,138412292,Buy
2020-11-02,134327044,Buy
2020-11-02,138479364,Buy
2020-11-02,136421892,Buy
2020-11-02,136442372,Buy
2020-11-02,136473092,Buy
2020-11-09,151040772,invalid
2020-11-09,151043332,invalid
2020-11-09,128026628,invalid
2020-11-09,128034052,invalid
2020-11-09,128062212,invalid
2020-11-09,128063748,invalid
2020-11-09,128080388,invalid
2020-11-09,128105732,invalid
2020-11-09,128107524,invalid
2020-11-09,128125444,invalid
2020-11-09,128158724,invalid
2020-11-09,128224004,invalid
2020-11-09,128793604,invalid
2020-11-09,129013764,invalid
2020-11-09,129329156,invalid
2020-11-09,129459204,invalid
2020-11-09,129507844,invalid
2020-11-09,129592836,invalid
2020-11-09,129916932,invalid
2020-11-09,131502852,invalid
2020-11-09,5143553,invalid
2020-11-09,133702404,invalid
2020-11-09,133920516,invalid
2020-11-09,133989124,invalid
2020-11-09,134325508,invalid
2020-11-09,134327044,invalid
2020-11-09,134349828,invalid
2020-11-09,134750980,invalid
2020-11-09,138423300,invalid
2020-11-09,138436868,invalid
2020-11-09,135682820,invalid
2020-11-09,138479364,invalid
2020-11-09,138535172,invalid
2020-11-09,135847684,invalid
2020-11-09,135927044,invalid
2020-11-09,136024068,invalid
2020-11-09,136226308,invalid
2020-11-09,136258308,invalid
2020-11-09,136285700,invalid
2020-11-09,136314372,invalid
2020-11-09,136325636,invalid
2020-11-09,136326148,invalid
2020-11-09,136327428,invalid
2020-11-09,136389636,invalid
2020-11-09,136404996,invalid
2020-11-09,136407812,invalid
2020-11-09,136411908,invalid
2020-11-09,136442372,invalid
2020-11-09,136473092,invalid
2020-11-09,136519172,invalid
2020-11-09,136589572,invalid
2020-11-09,137998340,invalid
2020-11-09,138005252,invalid
2020-11-09,138014212,invalid
2020-11-09,138146820,invalid
2020-11-09,138274052,invalid
2020-11-09,138286084,invalid
2020-11-17,128005124,Buy
2020-11-17,128010244,Buy
2020-11-17,128012292,Buy
2020-11-17,128012548,Buy
2020-11-17,128041732,Buy
2020-11-17,128041988,Buy
2020-11-17,128053764,Buy
2020-11-17,128061700,Buy
2020-11-17,128113668,Buy
2020-11-17,128120836,Buy
2020-11-17,128125444,Buy
2020-11-17,128158724,Buy
2020-11-17,128222724,Buy
2020-11-17,128224004,Buy
2020-11-17,128619524,Buy
2020-11-17,128793604,Buy
2020-11-17,129013764,Buy
2020-11-17,129213700,Buy
2020-11-17,129592836,Buy
2020-11-17,130366212,Buy
2020-11-17,130465540,Buy
2020-11-17,131481348,Buy
2020-11-17,132362500,Buy
2020-11-17,132396548,Buy
2020-11-17,132428804,Buy
2020-11-17,132497668,Buy
2020-11-17,133148932,invalid
2020-11-17,133702404,Buy
2020-11-17,133920516,Buy
2020-11-17,133981956,Buy
2020-11-17,134349828,Buy
2020-11-17,134749956,Buy
2020-11-17,138423300,Buy
2020-11-17,138436868,Buy
2020-11-17,135682820,Buy
2020-11-17,138500868,Buy
2020-11-17,138875908,Buy
2020-11-17,138949892,Buy
2020-11-17,138964484,Buy
2020-11-17,136231684,Buy
2020-11-17,136233476,Buy
2020-11-17,136238340,Buy
2020-11-17,136245508,Buy
2020-11-17,136293124,Buy
2020-11-17,2674433,Buy
2020-11-17,136313604,Buy
2020-11-17,136325636,Buy
2020-11-17,136326148,Buy
2020-11-17,136327428,Buy
2020-11-17,136358916,Buy
2020-11-17,136376068,Buy
2020-11-17,136385796,Buy
2020-11-17,136404996,Buy
2020-11-17,136439300,Buy
2020-11-17,136486660,Buy
2020-11-17,136487940,Buy
2020-11-17,136515076,Buy
2020-11-17,136517380,Buy
2020-11-17,136520196,Buy
2020-11-17,136523012,Buy
2020-11-17,136739588,Buy
2020-11-17,136783108,Buy
2020-11-17,136912900,Buy
2020-11-17,137998340,Buy
2020-11-17,138005252,Buy
2020-11-17,138014212,Buy
2020-11-17,138146820,Buy
2020-11-17,138188548,Buy
2020-11-17,138228996,Buy
2020-11-17,138274052,Buy
2020-11-17,138274820,Buy
2020-11-23,128005124,invalid
2020-11-23,128008196,invalid
2020-11-23,151045380,invalid
2020-11-23,128010244,invalid
2020-11-23,128012292,invalid
2020-11-23,128012548,invalid
2020-11-23,151058692,invalid
2020-11-23,151062020,invalid
2020-11-23,128047364,invalid
2020-11-23,128061700,invalid
2020-11-23,128079876,invalid
2020-11-23,128094212,invalid
2020-11-23,128120836,invalid
2020-11-23,128364804,invalid
2020-11-23,128372484,invalid
2020-11-23,139062276,invalid
2020-11-23,128619524,invalid
2020-11-23,128627204,invalid
2020-11-23,128775940,invalid
2020-11-23,129213700,invalid
2020-11-23,129484804,invalid
2020-11-23,130465540,invalid
2020-11-23,130926340,invalid
2020-11-23,131424516,invalid
2020-11-23,131854084,invalid
2020-11-23,132362500,invalid
2020-11-23,132428804,invalid
2020-11-23,132497668,invalid
2020-11-23,133969668,invalid
2020-11-23,134041092,invalid
2020-11-23,134046212,invalid
2020-11-23,134202884,invalid
2020-11-23,138375684,invalid
2020-11-23,138379268,invalid
2020-11-23,2916865,invalid
2020-11-23,138433284,invalid
2020-11-23,138465028,invalid
2020-11-23,135772932,invalid
2020-11-23,135773956,invalid
2020-11-23,138740740,invalid
2020-11-23,2395137,invalid
2020-11-23,138918148,invalid
2020-11-23,136230148,invalid
2020-11-23,136233476,invalid
2020-11-23,136247812,invalid
2020-11-23,136291332,invalid
2020-11-23,136310020,invalid
2020-11-23,136314116,invalid
2020-11-23,136315652,invalid
2020-11-23,136326404,invalid
2020-11-23,136357892,invalid
2020-11-23,136361220,invalid
2020-11-23,136371716,invalid
2020-11-23,136379396,invalid
2020-11-23,136379652,invalid
2020-11-23,136402436,invalid
2020-11-23,136415236,invalid
2020-11-23,136428036,invalid
2020-11-23,136429572,invalid
2020-11-23,136434436,invalid
2020-11-23,136439556,invalid
2020-11-23,136475140,invalid
2020-11-23,136487940,invalid
2020-11-23,136515076,invalid
2020-11-23,136517636,invalid
2020-11-23,136520196,invalid
2020-11-23,136523012,invalid
2020-11-23,136523524,invalid
2020-11-23,136912900,invalid
2020-11-23,138061316,invalid
2020-11-23,138087428,invalid
2020-11-23,138188548,invalid
2020-11-23,138228996,invalid
2020-12-01,128008196,Buy
2020-12-01,151045380,Buy
2020-12-01,128021508,Buy
2020-12-01,128026372,Buy
2020-12-01,151062020,Buy
2020-12-01,128027140,Buy
2020-12-01,128027908,Buy
2020-12-01,151074308,Buy
2020-12-01,128048900,Buy
2020-12-01,128090884,Buy
2020-12-01,128372484,Buy
2020-12-01,128627204,Buy
2020-12-01,129052676,Buy
2020-12-01,131333892,Buy
2020-12-01,131854084,Buy
2020-12-01,132355844,Buy
2020-12-01,132450564,Buy
2020-12-01,132491268,Buy
2020-12-01,133439492,Buy
2020-12-01,133648388,Buy
2020-12-01,133969668,Buy
2020-12-01,134001924,Buy
2020-12-01,134041092,Buy
2020-12-01,134049284,Buy
2020-12-01,134185988,Buy
2020-12-01,134202884,Buy
2020-12-01,138414084,Buy
2020-12-01,138379268,Buy
2020-12-01,138433284,Buy
2020-12-01,135680260,Buy
2020-12-01,135684868,Buy
2020-12-01,135772932,Buy
2020-12-01,135822084,Buy
2020-12-01,135888132,Buy
2020-12-01,136064004,Buy
2020-12-01,138922244,Buy
2020-12-01,138946564,Buy
2020-12-01,138987268,Buy
2020-12-01,136171780,Buy
2020-12-01,136291332,Buy
2020-12-01,136310020,Buy
2020-12-01,136314116,Buy
2020-12-01,136315652,Buy
2020-12-01,136318212,Buy
2020-12-01,136321284,Buy
2020-12-01,136326404,Buy
2020-12-01,136371716,Buy
2020-12-01,136379396,Buy
2020-12-01,136379652,Buy
2020-12-01,136391428,Buy
2020-12-01,136392452,Buy
2020-12-01,136396804,Buy
2020-12-01,136405764,Buy
2020-12-01,136415236,Buy
2020-12-01,136420356,Buy
2020-12-01,136428036,Buy
2020-12-01,136433924,Buy
2020-12-01,136521220,Buy
2020-12-01,136523524,Buy
2020-12-01,136525572,Buy
2020-12-01,136531460,Buy
2020-12-01,138061316,Buy
2020-12-01,138258692,Buy
2020-12-07,128027908,Buy
2020-12-07,128048900,Buy
2020-12-07,2891009,Buy
2020-12-07,128124932,Buy
2020-12-07,128165124,Buy
2020-12-07,128166404,Buy
2020-12-07,129052676,Buy
2020-12-07,132355844,Buy
2020-12-07,132404740,Buy
2020-12-07,132450564,Buy
2020-12-07,132491268,Buy
2020-12-07,133005316,Buy
2020-12-07,133648388,Buy
2020-12-07,134001924,Buy
2020-12-07,134049284,Buy
2020-12-07,138414084,Buy
2020-12-07,135680260,Buy
2020-12-07,135684868,Buy
2020-12-07,138541828,Buy
2020-12-07,138545924,Buy
2020-12-07,135822084,Buy
2020-12-07,136064004,Buy
2020-12-07,138922244,Buy
2020-12-07,138946564,Buy
2020-12-07,136171780,Buy
2020-12-07,136276740,Buy
2020-12-07,136318212,Buy
2020-12-07,136321284,Buy
2020-12-07,136362756,Buy
2020-12-07,136367876,Buy
2020-12-07,136391428,Buy
2020-12-07,136396804,Buy
2020-12-07,136405764,Dont Buy
2020-12-07,136406788,Buy
2020-12-07,136420356,Buy
2020-12-07,136431876,Buy
2020-12-07,136433924,Buy
2020-12-07,136489476,Buy
2020-12-07,136521220,Buy
2020-12-07,136525572,Buy
2020-12-07,136895492,Buy
2020-12-14,128124932,Buy
2020-12-14,128166404,Dont Buy
2020-12-14,138532612,Dont Buy
2020-12-14,136367876,Buy
2020-12-14,136483332,Buy
2020-12-14,136727300,Buy
2020-12-14,136895492,Buy
2020-12-21,132481540,Buy
2020-12-21,136483332,Buy
2020-12-28,129975556,Buy
2020-12-28,132481540,Buy
2020-12-28,139172868,invalid
2020-12-28,136434436,Buy
2020-12-28,136856836,Buy
2021-01-04,128034564,Buy
2021-01-04,128166404,Buy
2021-01-04,129608964,Buy
2021-01-04,129975556,Buy
2021-01-04,139172868,invalid
2021-01-04,136388612,Buy
2021-01-04,136856836,Buy
2021-01-11,1316353,Buy
2021-02-01,128107524,Buy
2021-02-01,134052356,Buy
2021-02-01,134332164,Dont Buy
2021-02-01,135990532,Buy
2021-02-08,128083204,Buy
2021-02-08,129596164,Buy
2021-02-08,134052356,Buy
2021-02-08,135990532,Buy
2021-02-08,136371716,Buy
2021-02-08,136453892,Buy
2021-02-08,138190596,Buy
2021-02-15,133005316,Buy
2021-02-22,128172548,Buy
2021-02-22,129470468,Buy
2021-02-22,133940996,Buy
2021-02-22,136348164,Buy
2021-03-01,128024580,Buy
2021-03-01,128172548,Buy
2021-03-01,128558084,Buy
2021-03-01,133017604,Buy
2021-03-01,135680260,Buy
2021-03-01,138638340,Buy
2021-03-01,136271108,Buy
2021-03-01,136311300,Buy
2021-03-01,136318212,Buy
2021-03-01,136348164,Buy
2021-03-01,136363524,Buy
2021-03-08,128558084,Buy
2021-03-08,134247428,Buy
2021-03-08,135680260,Buy
2021-03-08,138638340,Buy
2021-03-08,136271108,Buy
2021-03-08,136311300,Buy
2021-03-08,136318212,Buy
2021-03-08,136489476,Buy
2021-03-22,138918404,invalid
2021-03-22,136352516,invalid
2021-03-30,129410308,Buy
2021-03-30,136064004,Dont Buy
2021-03-30,138918404,Buy
2021-03-30,136300548,Buy
2021-03-30,136352516,Buy
2021-03-30,138211588,Buy
2021-04-05,151059972,Buy
2021-04-05,128080388,Dont Buy
2021-04-05,128172548,Buy
2021-04-05,128364804,Buy
2021-04-05,128974340,Buy
2021-04-05,5013761,Buy
2021-04-05,134332164,Buy
2021-04-05,134881540,Buy
2021-04-05,138444036,Buy
2021-04-05,138638596,Buy
2021-04-05,136089348,Buy
2021-04-05,136267780,Buy
2021-04-05,136274180,Buy
2021-04-05,136293124,Buy
2021-04-05,136300548,Buy
2021-04-05,136363524,Buy
2021-04-05,136390916,Buy
2021-04-05,136418308,Buy
2021-04-05,136422148,Buy
2021-04-05,136594692,Buy
2021-04-05,1316353,Buy
2021-04-05,137942020,Dont Buy
2021-04-05,138099204,Buy
2021-04-05,138146820,Buy
2021-04-05,138211588,Buy
2021-04-05,138277124,Buy
2021-04-12,151055876,Buy
2021-04-12,128031748,Buy
2021-04-12,128174084,Buy
2021-04-12,134270468,Buy
2021-04-12,138394116,Buy
2021-04-12,134332164,Buy
2021-04-12,2916865,Buy
2021-04-12,138438660,Buy
2021-04-12,138444036,Buy
2021-04-12,135741188,Buy
2021-04-12,138638596,Buy
2021-04-12,136089348,Buy
2021-04-12,136267780,Buy
2021-04-12,136274180,Buy
2021-04-12,136322052,Buy
2021-04-12,136378628,Buy
2021-04-12,136856836,Buy
2021-04-12,1316353,Buy
2021-04-12,138099204,Buy
2021-04-12,138146820,Buy
2021-04-12,138277124,Buy
2021-04-19,128031748,Buy
2021-04-19,128090884,Buy
2021-04-19,128172036,Buy
2021-04-19,129385476,Buy
2021-04-19,129745924,Buy
2021-04-19,129975556,Buy
2021-04-19,130324228,Buy
2021-04-19,2031617,Buy
2021-04-19,133017604,Buy
2021-04-19,138419460,Buy
2021-04-19,138541828,Buy
2021-04-19,139068164,Buy
2021-04-19,136268804,Buy
2021-04-19,136396804,Buy
2021-04-19,136856836,Buy
2021-04-19,138052612,Buy
2021-04-19,138274052,Buy
2021-04-26,128008708,Buy
2021-04-26,128009988,Buy
2021-04-26,128028164,Buy
2021-04-26,128032004,Buy
2021-04-26,128038404,Buy
2021-04-26,128105476,Buy
2021-04-26,128120068,Buy
2021-04-26,128166404,Buy
2021-04-26,128172036,Buy
2021-04-26,129745924,Buy
2021-04-26,129975556,Buy
2021-04-26,132890884,Buy
2021-04-26,133136900,Buy
2021-04-26,138419460,Buy
2021-04-26,138541828,Buy
2021-04-26,136247044,Buy
2021-04-26,136260612,Buy
2021-04-26,136268804,Buy
2021-04-26,136279812,Buy
2021-04-26,136286980,Buy
2021-04-26,136302084,Buy
2021-04-26,136314372,Buy
2021-04-26,136353284,Buy
2021-04-26,136379652,Buy
2021-04-26,136385540,Buy
2021-04-26,136388612,Buy
2021-04-26,136396292,Buy
2021-04-26,136429572,Buy
2021-04-26,136442116,Buy
2021-04-26,136525572,Buy
2021-04-26,136909828,Buy
2021-04-26,138035460,Buy
2021-04-26,138274052,Buy
2021-05-03,128008708,Buy
2021-05-03,128009988,Buy
2021-05-03,128021508,Buy
2021-05-03,151074308,Buy
2021-05-03,128038404,Buy
2021-05-03,128042244,Buy
2021-05-03,128067844,Buy
2021-05-03,128105476,Buy
2021-05-03,128107524,Buy
2021-05-03,128120068,Buy
2021-05-03,128975620,Buy
2021-05-03,129608964,Buy
2021-05-03,131595012,Buy
2021-05-03,132890884,Buy
2021-05-03,133136900,Buy
2021-05-03,133380100,Buy
2021-05-03,138319620,Buy
2021-05-03,134898436,Buy
2021-05-03,138545924,Buy
2021-05-03,135888132,Buy
2021-05-03,135966724,Buy
2021-05-03,136238340,Buy
2021-05-03,136247044,Buy
2021-05-03,136264964,Buy
2021-05-03,136279812,Buy
2021-05-03,136314372,Buy
2021-05-03,136314628,Buy
2021-05-03,136385540,Buy
2021-05-03,136400388,Buy
2021-05-03,136406788,Buy
2021-05-03,136420356,Buy
2021-05-03,136442116,Buy
2021-05-03,136525316,Buy
2021-05-03,136525572,Buy
2021-05-03,138234372,Buy
2021-05-10,128005124,Buy
2021-05-10,128021764,Buy
2021-05-10,128047364,Buy
2021-05-10,128084484,Buy
2021-05-10,128107524,Buy
2021-05-10,128168964,Buy
2021-05-10,128364804,Buy
2021-05-10,128596484,Buy
2021-05-10,131132676,Buy
2021-05-10,131417348,Buy
2021-05-10,132428804,Buy
2021-05-10,133702404,Buy
2021-05-10,961793,Buy
2021-05-10,134001924,Buy
2021-05-10,134325508,Buy
2021-05-10,138431748,Buy
2021-05-10,138532612,Buy
2021-05-10,135888132,Buy
2021-05-10,135927044,Buy
2021-05-10,135966724,Buy
2021-05-10,138869764,Buy
2021-05-10,128568068,Buy
2021-05-10,136226308,Buy
2021-05-10,136237572,Buy
2021-05-10,136245508,Buy
2021-05-10,136247812,Buy
2021-05-10,136300548,Buy
2021-05-10,136385796,Buy
2021-05-10,136406788,Buy
2021-05-10,136433924,Buy
2021-05-10,136479236,Buy
2021-05-10,136500740,Buy
2021-05-10,136519172,Buy
2021-05-10,136531460,Buy
2021-05-17,128005124,Buy
2021-05-17,128011012,Buy
2021-05-17,128021764,Buy
2021-05-17,128029188,Buy
2021-05-17,128034052,Buy
2021-05-17,128036868,Buy
2021-05-17,128047364,Buy
2021-05-17,128056068,Buy
2021-05-17,128130564,Buy
2021-05-17,128133124,Buy
2021-05-17,128135684,Buy
2021-05-17,128212484,Buy
2021-05-17,128215044,Buy
2021-05-17,128217604,Buy
2021-05-17,129282564,Buy
2021-05-17,129462788,Buy
2021-05-17,129637124,Buy
2021-05-17,130017284,Buy
2021-05-17,130366212,Buy
2021-05-17,130426884,Buy
2021-05-17,130527748,Buy
2021-05-17,131417348,Buy
2021-05-17,132491268,Buy
2021-05-17,133134596,Buy
2021-05-17,4524801,Buy
2021-05-17,133439492,Buy
2021-05-17,133648388,Buy
2021-05-17,133920516,Buy
2021-05-17,138375684,Buy
2021-05-17,138412292,Buy
2021-05-17,138431748,Buy
2021-05-17,138465028,Buy
2021-05-17,138532612,Buy
2021-05-17,138537732,Buy
2021-05-17,138643972,Buy
2021-05-17,138869764,Buy
2021-05-17,128568068,Buy
2021-05-17,136226308,Buy
2021-05-17,136245508,Buy
2021-05-17,136291844,Buy
2021-05-17,136300548,Buy
2021-05-17,2674433,Buy
2021-05-17,136318212,Buy
2021-05-17,136366852,Buy
2021-05-17,136385796,Buy
2021-05-17,136420100,Buy
2021-05-17,136429828,Buy
2021-05-17,136439300,Buy
2021-05-17,136485380,Buy
2021-05-17,136486660,Buy
2021-05-17,136515332,Buy
2021-05-17,136517636,Buy
2021-05-17,136526340,Buy
2021-05-17,136531460,Buy
2021-05-17,136549892,Buy
2021-05-17,136589316,Buy
2021-05-17,136727300,Buy
2021-05-17,139071492,Buy
2021-05-17,137161988,Buy
2021-05-17,137998340,Buy
2021-05-17,138061060,Buy
2021-05-17,138125060,Buy
2021-05-17,138258692,Buy
2021-05-17,138269444,Buy
2021-05-17,138279172,Buy
2021-05-17,138284292,Buy
2021-05-24,128011012,Buy
2021-05-24,128022020,Buy
2021-05-24,128029188,Buy
2021-05-24,128043012,Buy
2021-05-24,128064004,Buy
2021-05-24,128068100,Buy
2021-05-24,128072964,Buy
2021-05-24,128133124,Buy
2021-05-24,128135684,Buy
2021-05-24,128181764,Buy
2021-05-24,128215044,Buy
2021-05-24,128224516,Buy
2021-05-24,128793604,Buy
2021-05-24,129331204,Buy
2021-05-24,129370884,Buy
2021-05-24,129416452,Buy
2021-05-24,129417476,Buy
2021-05-24,129462788,Buy
2021-05-24,130000644,Buy
2021-05-24,130017284,Buy
2021-05-24,130366212,Buy
2021-05-24,133940996,Buy
2021-05-24,133991684,Buy
2021-05-24,134862596,Buy
2021-05-24,138465028,Buy
2021-05-24,138537732,Buy
2021-05-24,138682628,Buy
2021-05-24,135874308,Buy
2021-05-24,136004100,Buy
2021-05-24,138854148,Buy
2021-05-24,136271108,Buy
2021-05-24,136374788,Buy
2021-05-24,136387076,Buy
2021-05-24,136409092,Buy
2021-05-24,136414212,Buy
2021-05-24,136429828,Buy
2021-05-24,136439300,Buy
2021-05-24,136515332,Buy
2021-05-24,136517636,Buy
2021-05-24,136526340,Buy
2021-05-24,139071492,Buy
2021-05-24,136911108,Buy
2021-05-24,137161988,Buy
2021-05-24,137796612,Buy
2021-05-24,137998340,Buy
2021-05-24,138061060,Buy
2021-05-24,138208260,Buy
2021-05-24,138258692,Buy
2021-05-24,138279172,Buy
2021-05-31,128022020,Buy
2021-05-31,128042244,Buy
2021-05-31,129417476,Buy
2021-05-31,130000644,Buy
2021-05-31,130513924,Buy
2021-05-31,130551300,Buy
2021-05-31,133940996,Buy
2021-05-31,133991684,Buy
2021-05-31,138682628,Buy
2021-05-31,138693124,Buy
2021-05-31,135874308,Buy
2021-05-31,136271108,Buy
2021-05-31,136414212,Buy
2021-05-31,136428036,Buy
2021-05-31,136474628,Buy
2021-05-31,136486404,Buy
2021-05-31,136516356,Buy
2021-05-31,136518148,Buy
2021-05-31,136580868,Buy
2021-06-07,128123652,Buy
2021-06-07,128211204,Buy
2021-06-07,128793860,Buy
2021-06-07,129329156,Buy
2021-06-07,129465860,Buy
2021-06-07,130551300,Buy
2021-06-07,138379268,Buy
2021-06-07,558849,Buy
2021-06-07,138983428,Buy
2021-06-07,842753,Buy
2021-06-07,136402436,Buy
2021-06-07,136517380,Buy
2021-06-07,136518148,Buy
2021-06-07,136580868,Buy
2021-06-07,139069956,Buy
2021-06-14,136390916,Buy
2021-06-14,136402436,Buy
2021-06-14,136517380,Buy
2021-06-28,128064516,Buy
2021-06-28,134004996,Buy
2021-06-28,2395137,Buy
2021-06-28,138946564,Buy
2021-07-05,128064516,Buy
2021-07-05,134004996,Buy
2021-07-05,138396420,Buy
2021-07-05,2395137,Buy
2021-07-05,138946564,Buy
2021-07-05,136315396,Buy
2021-07-05,138252036,Buy
2021-07-12,128017156,Buy
2021-07-12,128172548,Buy
2021-07-12,128224772,Buy
2021-07-12,132396548,Buy
2021-07-12,138396420,Buy
2021-07-12,138416900,Buy
2021-07-12,136402436,Dont Buy
2021-07-12,136437764,Buy
2021-07-19,134041092,Buy
2021-07-19,136422404,Buy
2021-07-19,136437764,Buy
2021-07-26,139024388,Buy
2021-07-26,136231940,Buy
2021-08-02,128046084,Buy
2021-08-02,128063236,Buy
2021-08-02,128211204,Buy
2021-08-02,138435076,Buy
2021-08-09,128046084,Buy
2021-08-09,128063236,Buy
2021-08-09,128126724,Buy
2021-08-09,128178180,Buy
2021-08-09,128211204,Buy
2021-08-09,136231684,Buy
2021-08-16,128133124,Buy
2021-08-23,128007940,Buy
2021-08-23,128117508,Buy
2021-08-23,129703684,Buy
2021-08-23,138423300,Buy
2021-08-23,138436868,Buy
2021-08-23,136367108,Buy
2021-08-23,139074052,Buy
2021-08-30,151058180,Buy
2021-08-30,128022020,Buy
2021-08-30,128048132,Buy
2021-08-30,128060932,Buy
2021-08-30,128063236,Buy
2021-08-30,128099076,Buy
2021-08-30,128117508,Buy
2021-08-30,128147204,Buy
2021-08-30,129465860,Buy
2021-08-30,130542084,Buy
2021-08-30,132896260,Buy
2021-08-30,138418948,Buy
2021-08-30,138438916,Buy
2021-08-30,138436868,Buy
2021-08-30,138611204,Buy
2021-08-30,138638596,Buy
2021-08-30,138693124,Buy
2021-08-30,138768900,Buy
2021-08-30,138937860,Buy
2021-08-30,136325636,Buy
2021-08-30,136376324,Buy
2021-08-30,136422404,Buy
2021-08-30,136472580,Buy
2021-08-30,139074052,Buy
2021-08-30,136911108,Buy
2021-08-30,138049028,Buy
2021-08-30,138099204,Buy
2021-09-06,128017156,Buy
2021-09-06,128060932,Buy
2021-09-06,128063236,Buy
2021-09-06,128099076,Buy
2021-09-06,128122116,Buy
2021-09-06,128147204,Buy
2021-09-06,129465860,Buy
2021-09-06,132896260,Buy
2021-09-06,4524801,Buy
2021-09-06,138418948,Buy
2021-09-06,134714116,Buy
2021-09-06,138611204,Buy
2021-09-06,138638596,Buy
2021-09-06,138918148,Buy
2021-09-06,138937860,Buy
2021-09-06,138944516,Buy
2021-09-06,139069444,Buy
2021-09-06,136321284,Buy
2021-09-06,136376324,Buy
2021-09-06,136406788,Buy
2021-09-06,136435972,Buy
2021-09-06,136472580,Buy
2021-09-06,136516356,Buy
2021-09-06,136519172,Buy
2021-09-06,136911108,Buy
2021-09-06,138099204,Buy
2021-09-13,145920260,Buy
2021-09-13,128010500,Buy
2021-09-13,128017156,Buy
2021-09-13,128027140,Buy
2021-09-13,128046596,Buy
2021-09-13,128072964,Buy
2021-09-13,128135684,Buy
2021-09-13,139062276,Buy
2021-09-13,129417476,Buy
2021-09-13,132396548,Buy
2021-09-13,132450564,Buy
2021-09-13,133969668,Buy
2021-09-13,133989892,Buy
2021-09-13,136310020,Buy
2021-09-13,136321284,Buy
2021-09-13,136357892,Buy
2021-09-13,136379908,Buy
2021-09-13,136400388,Buy
2021-09-13,136516356,Buy
2021-09-20,145920260,Buy
2021-09-20,151046148,Buy
2021-09-20,128010500,Buy
2021-09-20,128029956,Buy
2021-09-20,128034564,Buy
2021-09-20,151074308,Buy
2021-09-20,128047108,Buy
2021-09-20,128072964,Buy
2021-09-20,128135684,Buy
2021-09-20,128171524,Buy
2021-09-20,128176644,Buy
2021-09-20,134202884,Buy
2021-09-20,135741188,Buy
2021-09-20,135989508,Buy
2021-09-20,136357892,Buy
2021-09-20,136596740,Buy
2021-09-20,138252036,Buy
2021-09-27,128026372,Buy
2021-09-27,128027908,Buy
2021-09-27,128028164,Buy
2021-09-27,128061700,Buy
2021-09-27,128133124,Buy
2021-09-27,134044164,Buy
2021-09-27,134202884,Buy
2021-09-27,136228868,Buy
2021-09-27,136237572,Buy
2021-09-27,136310020,Buy
2021-09-27,136314116,Buy
2021-09-27,136320004,Buy
2021-09-27,136333572,Buy
2021-09-27,136379908,Buy
2021-09-27,136394244,Buy
2021-09-27,136511492,Buy
2021-09-27,136536068,Buy
2021-09-27,136580868,Buy
2021-09-27,139073796,Buy
2021-10-04,128026372,Buy
2021-10-04,128027908,Buy
2021-10-04,128028164,Buy
2021-10-04,128032260,Buy
2021-10-04,128048900,Buy
2021-10-04,128090884,Buy
2021-10-04,128120068,Buy
2021-10-04,128596484,Buy
2021-10-04,129078276,Buy
2021-10-04,129637124,Buy
2021-10-04,130430980,Buy
2021-10-04,132428804,Buy
2021-10-04,132437508,Buy
2021-10-04,133704964,Buy
2021-10-04,135698692,Buy
2021-10-04,138535172,Buy
2021-10-04,138545924,Buy
2021-10-04,136228868,Buy
2021-10-04,136237572,Buy
2021-10-04,136245764,Buy
2021-10-04,136265220,Buy
2021-10-04,136293124,Buy
2021-10-04,136310020,Buy
2021-10-04,136314116,Buy
2021-10-04,136320004,Buy
2021-10-04,136352516,Buy
2021-10-04,136362756,Buy
2021-10-04,136394244,Buy
2021-10-04,136429572,Buy
2021-10-04,136431876,Buy
2021-10-04,136437764,Buy
2021-10-04,136511492,Buy
2021-10-04,136515076,Buy
2021-10-04,136517380,Buy
2021-10-04,136536068,Buy
2021-10-04,136580868,Buy
2021-10-04,139073796,Buy
2021-10-04,139075844,Buy
2021-10-04,138211588,Buy
2021-10-11,128032260,Buy
2021-10-11,128048132,Buy
2021-10-11,128048900,Buy
2021-10-11,128090884,Buy
2021-10-11,128294404,Buy
2021-10-11,129282564,Buy
2021-10-11,401921,Buy
2021-10-11,129541636,Buy
2021-10-11,129637124,Buy
2021-10-11,129923588,Buy
2021-10-11,130430980,Buy
2021-10-11,133705476,Buy
2021-10-11,134046212,Buy
2021-10-11,138414084,Buy
2021-10-11,134860036,Buy
2021-10-11,138535172,Buy
2021-10-11,138545924,Buy
2021-10-11,136046340,Buy
2021-10-11,136279812,Buy
2021-10-11,136352516,Buy
2021-10-11,136362756,Buy
2021-10-11,136429572,Buy
2021-10-11,136442116,Buy
2021-10-11,136472580,Buy
2021-10-11,136483076,Buy
2021-10-11,136489476,Buy
2021-10-11,136517380,Buy
2021-10-11,138190596,Buy
2021-10-11,138211588,Buy
2021-10-18,128047876,Buy
2021-10-18,130871812,Buy
2021-10-18,133705476,Buy
2021-10-18,134860036,Buy
2021-10-18,558849,Buy
2021-10-18,136279812,Buy
2021-10-18,136326404,Buy
2021-10-25,128047876,Dont Buy
2021-10-25,128066564,Buy
2021-10-25,129993988,Buy
2021-10-25,134332164,Buy
2021-10-25,136323844,Buy
2021-11-01,128024580,Buy
2021-11-01,128064772,Buy
2021-11-01,128168964,Buy
2021-11-01,136280324,Buy
2021-11-01,136642052,Buy
2021-11-01,137941764,Buy
2021-11-01,138122756,Buy
2021-11-08,128077828,Buy
2021-11-08,128086532,Buy
2021-11-08,128168964,Buy
2021-11-08,129331204,Buy
2021-11-08,131089924,Buy
2021-11-08,133650948,Buy
2021-11-08,134201860,Buy
2021-11-08,138406148,Buy
2021-11-08,138413572,Buy
2021-11-08,138436612,Buy
2021-11-08,135730948,Buy
2021-11-08,136280324,Buy
2021-11-08,136429572,Buy
2021-11-08,136441860,Buy
2021-11-08,136483332,Buy
2021-11-08,136521220,Buy
2021-11-08,136856836,Buy
2021-11-08,2695681,Buy
2021-11-08,137941764,Buy
2021-11-08,138122756,Buy
2021-11-15,128072964,Buy
2021-11-15,128077828,Buy
2021-11-15,128372484,Buy
2021-11-15,130527748,Buy
2021-11-15,132404740,Buy
2021-11-15,132489220,Buy
2021-11-15,133148932,Buy
2021-11-15,133650948,Buy
2021-11-15,138412292,Buy
2021-11-15,135773956,Buy
2021-11-15,136398852,Buy
2021-11-15,136407812,Buy
2021-11-15,136516868,Buy
2021-11-15,136521220,Buy
2021-11-15,2695681,Buy
2021-11-22,128022276,Buy
2021-11-22,128107524,Buy
2021-11-22,128372484,Dont Buy
2021-11-22,129745924,Buy
2021-11-22,130527748,Buy
2021-11-22,132489220,Buy
2021-11-22,134001924,Buy
2021-11-22,136132612,Buy
2021-11-22,136398852,Buy
2021-11-22,136460036,Buy
2021-11-22,136594692,Buy
2021-11-22,137161988,Buy
2021-11-29,128775940,Buy
2021-11-29,134068228,Buy
2021-11-29,134286852,Buy
2021-11-29,138416900,Buy
2021-11-29,136132612,Buy
2021-11-29,136286724,Buy
2021-11-29,136515076,Buy
2021-11-29,136594692,Buy
2021-11-29,137161988,Buy
2021-11-29,138087428,Buy
2021-12-06,128032772,Buy
2021-12-06,128052996,Buy
2021-12-06,128073732,Buy
2021-12-06,128123652,Buy
2021-12-06,129484804,Buy
2021-12-06,2910465,Buy
2021-12-06,130324228,Buy
2021-12-06,131132676,Buy
2021-12-06,131424516,Buy
2021-12-06,132896260,Buy
2021-12-06,133684484,Buy
2021-12-06,643329,Buy
2021-12-06,138470404,Buy
2021-12-06,135709956,Buy
2021-12-06,135772932,Buy
2021-12-06,207105,Buy
2021-12-06,135822084,Buy
2021-12-06,136285700,Buy
2021-12-06,136286724,Buy
2021-12-06,136291332,Buy
2021-12-06,136315396,Buy
2021-12-06,136333572,Buy
2021-12-06,136363524,Buy
2021-12-06,136376068,Buy
2021-12-06,136485380,Buy
2021-12-13,128005124,Buy
2021-12-13,128007940,Buy
2021-12-13,128084740,Buy
2021-12-13,128793860,Buy
2021-12-13,128847364,Buy
2021-12-13,129041156,Buy
2021-12-13,130279940,Buy
2021-12-13,138414084,Buy
2021-12-13,134325508,Buy
2021-12-13,138421764,Buy
2021-12-13,135709956,Dont Buy
2021-12-13,135772932,Buy
2021-12-13,138987268,Buy
2021-12-13,136293124,Buy
2021-12-13,136376068,Dont Buy
2021-12-13,136392452,Buy
2021-12-13,136429316,Buy
2021-12-13,136429572,Buy
2021-12-13,136485380,Dont Buy
2021-12-13,136723460,Buy
2021-12-13,138274820,Buy
2021-12-20,128007940,Buy
2021-12-20,151055876,Buy
2021-12-20,128847364,Buy
2021-12-20,129041156,Buy
2021-12-20,130926340,Buy
2021-12-20,134148868,Buy
2021-12-20,138414084,Buy
2021-12-20,134315268,Buy
2021-12-20,138465028,Buy
2021-12-20,136392452,Buy
2021-12-27,128008196,Buy
2021-12-27,128009732,Buy
2021-12-27,128022276,Buy
2021-12-27,128032772,Buy
2021-12-27,128048900,Buy
2021-12-27,128065796,Buy
2021-12-27,128077316,Buy
2021-12-27,128086788,Buy
2021-12-27,2891009,Buy
2021-12-27,129078276,Buy
2021-12-27,129687044,Buy
2021-12-27,129777412,Buy
2021-12-27,129975556,Buy
2021-12-27,132396548,Buy
2021-12-27,138406148,Buy
2021-12-27,134327044,Buy
2021-12-27,999937,Buy
2021-12-27,134352900,Buy
2021-12-27,134700292,Buy
2021-12-27,138438148,Buy
2021-12-27,135989508,Buy
2021-12-27,136263940,Buy
2021-12-27,136269060,Buy
2021-12-27,136276740,Buy
2021-12-27,136361220,Buy
2021-12-27,136361732,Buy
2021-12-27,136415236,Buy
2021-12-27,136418308,Buy
2021-12-27,136422148,Buy
2021-12-27,136531460,Buy
2021-12-27,136783108,Buy
2022-01-03,128006916,Buy
2022-01-03,128008196,Buy
2022-01-03,128008708,Buy
2022-01-03,128009732,Buy
2022-01-03,151056900,Buy
2022-01-03,128024836,Buy
2022-01-03,151062020,Buy
2022-01-03,128029956,Buy
2022-01-03,128030468,Buy
2022-01-03,151074308,Buy
2022-01-03,128048900,Buy
2022-01-03,128061700,Buy
2022-01-03,128076804,Buy
2022-01-03,128086788,Buy
2022-01-03,2891009,Buy
2022-01-03,128120068,Buy
2022-01-03,128165124,Buy
2022-01-03,128535044,Buy
2022-01-03,128558084,Buy
2022-01-03,129078276,Buy
2022-01-03,129461764,Buy
2022-01-03,129596164,Buy
2022-01-03,129732356,Buy
2022-01-03,130824708,Buy
2022-01-03,131330564,Buy
2022-01-03,132355844,Buy
2022-01-03,132396548,Buy
2022-01-03,4854273,Buy
2022-01-03,133684484,Buy
2022-01-03,133702404,Buy
2022-01-03,133969668,Buy
2022-01-03,134049284,Buy
2022-01-03,134202884,Buy
2022-01-03,138396420,Buy
2022-01-03,138387204,Buy
2022-01-03,134352900,Buy
2022-01-03,134353924,Buy
2022-01-03,134714116,Buy
2022-01-03,134812676,Buy
2022-01-03,3579393,Buy
2022-01-03,138438660,Buy
2022-01-03,138438148,Buy
2022-01-03,135682820,Buy
2022-01-03,135730948,Buy
2022-01-03,138748932,Buy
2022-01-03,135989508,Buy
2022-01-03,136046340,Buy
2022-01-03,138983428,Buy
2022-01-03,136264964,Buy
2022-01-03,136269060,Buy
2022-01-03,136272132,Buy
2022-01-03,136327172,Buy
2022-01-03,136334084,Buy
2022-01-03,136415236,Buy
2022-01-03,136433668,Buy
2022-01-03,136439300,Buy
2022-01-03,136442372,Buy
2022-01-03,136475140,Buy
2022-01-03,136491012,Buy
2022-01-03,136517380,Buy
2022-01-03,136531460,Buy
2022-01-03,136536068,Buy
2022-01-03,136589316,Buy
2022-01-03,136783108,Buy
2022-01-03,136804356,Buy
2022-01-03,138035460,Buy
2022-01-03,138188548,Buy
2022-01-10,128006916,Buy
2022-01-10,128013316,Dont Buy
2022-01-10,151058692,Buy
2022-01-10,128024836,Buy
2022-01-10,151062020,Buy
2022-01-10,128043780,Buy
2022-01-10,128047108,Buy
2022-01-10,128047876,Buy
2022-01-10,128061700,Buy
2022-01-10,128062212,Buy
2022-01-10,128068612,Buy
2022-01-10,128069380,Buy
2022-01-10,128075268,Buy
2022-01-10,128076804,Buy
2022-01-10,128104964,Buy
2022-01-10,128105476,Buy
2022-01-10,128120068,Buy
2022-01-10,128165124,Buy
2022-01-10,128333060,Buy
2022-01-10,128558084,Buy
2022-01-10,129331204,Buy
2022-01-10,129461764,Buy
2022-01-10,129732356,Buy
2022-01-10,130256388,Buy
2022-01-10,132428804,Buy
2022-01-10,4854273,Buy
2022-01-10,133122052,Buy
2022-01-10,133640708,Buy
2022-01-10,961793,Buy
2022-01-10,133969668,Buy
2022-01-10,133981956,Buy
2022-01-10,133986564,Buy
2022-01-10,134049284,Buy
2022-01-10,138396420,Buy
2022-01-10,138392324,Buy
2022-01-10,134714116,Buy
2022-01-10,134842628,Buy
2022-01-10,3579393,Buy
2022-01-10,135741188,Buy
2022-01-10,138535172,Buy
2022-01-10,138535428,Buy
2022-01-10,138582020,Buy
2022-01-10,2395137,Buy
2022-01-10,138949892,Buy
2022-01-10,138983428,Buy
2022-01-10,139024388,Buy
2022-01-10,139068164,Buy
2022-01-10,136245508,Buy
2022-01-10,136257540,Buy
2022-01-10,136272132,Buy
2022-01-10,136291844,Buy
2022-01-10,136304644,Buy
2022-01-10,136326916,Buy
2022-01-10,136333572,Buy
2022-01-10,136334084,Buy
2022-01-10,136368388,Buy
2022-01-10,136405508,Buy
2022-01-10,136433668,Buy
2022-01-10,136442372,Buy
2022-01-10,136487684,Buy
2022-01-10,136489476,Buy
2022-01-10,136491012,Buy
2022-01-10,136739588,Buy
2022-01-10,139078916,Buy
2022-01-10,139089156,Buy
2022-01-10,138035460,Buy
2022-01-10,138286084,Buy
2022-01-17,128010756,Dont Buy
2022-01-17,128011012,Buy
2022-01-17,128022020,Buy
2022-01-17,151058692,Dont Buy
2022-01-17,128043780,Buy
2022-01-17,128046596,Buy
2022-01-17,128047108,Buy
2022-01-17,128103428,Buy
2022-01-17,128751876,Buy
2022-01-17,129273092,Buy
2022-01-17,133640708,Dont Buy
2022-01-17,133705476,Buy
2022-01-17,138412292,Buy
2022-01-17,134868228,Dont Buy
2022-01-17,138535172,Buy
2022-01-17,138535428,Buy
2022-01-17,138875908,Buy
2022-01-17,139024388,Buy
2022-01-17,136233476,Buy
2022-01-17,136257540,Dont Buy
2022-01-17,136368388,Buy
2022-01-17,136432644,Dont Buy
2022-01-17,139072516,Buy
2022-01-17,139076100,Buy
2022-01-17,138286084,Buy
2022-01-24,128046596,Buy
2022-01-24,129273092,Buy
2022-01-24,133940996,Buy
2022-01-24,138412292,Buy
2022-01-24,139092996,Buy
2022-01-31,128113668,Buy
2022-01-31,128147204,Buy
2022-01-31,128224004,Buy
2022-01-31,128596484,Buy
2022-01-31,129703684,Buy
2022-01-31,133920516,Buy
2022-01-31,138392324,Buy
2022-01-31,138545924,Buy
2022-01-31,138555652,Buy
2022-01-31,138987524,Buy
2022-01-31,136230148,Buy
2022-01-31,136379908,Buy
2022-01-31,136383492,Buy
2022-01-31,136387076,Dont Buy
2022-01-31,136400388,Buy
2022-01-31,136442116,Buy
2022-01-31,139078916,Buy
2022-01-31,138152452,Buy
2022-02-07,138296836,Buy
2022-02-07,151059972,Buy
2022-02-07,128120324,Buy
2022-02-07,128166404,Buy
2022-02-07,128224004,Dont Buy
2022-02-07,129541636,Buy
2022-02-07,129703684,Dont Buy
2022-02-07,133920516,Dont Buy
2022-02-07,134349828,Buy
2022-02-07,134750980,Buy
2022-02-07,134862596,Buy
2022-02-07,135714564,Buy
2022-02-07,136045060,Dont Buy
2022-02-07,138987524,Dont Buy
2022-02-07,136483076,Dont Buy
2022-02-07,136485892,Buy
2022-02-07,136739588,Buy
2022-02-07,137796612,Buy
2022-02-07,138098692,Buy
2022-02-14,128037892,Buy
2022-02-14,129541636,Buy
2022-02-14,133148420,Buy
2022-02-14,134862596,Dont Buy
2022-02-14,136066052,Buy
2022-02-14,138098692,Buy
2022-02-21,136474628,Buy
2022-02-28,128012548,Buy
2022-02-28,128224004,Buy
2022-02-28,136231684,Buy
2022-02-28,136474628,Dont Buy
2022-03-07,128012548,Buy
2022-03-07,128034052,Buy
2022-03-07,128053508,Buy
2022-03-07,128058372,Buy
2022-03-07,128212484,Buy
2022-03-07,128224004,Buy
2022-03-07,129555460,Buy
2022-03-07,132450564,Buy
2022-03-07,134068228,Buy
2022-03-07,5420545,Buy
2022-03-07,135714564,Buy
2022-03-07,138675204,Buy
2022-03-07,135927044,Buy
2022-03-07,136231684,Buy
2022-03-07,136233732,Buy
2022-03-07,136329988,Buy
2022-03-07,136421892,Buy
2022-03-07,136427780,Buy
2022-03-07,136460036,Buy
2022-03-07,136491012,Buy
2022-03-07,139086852,Buy
2022-03-07,137941764,Buy
2022-03-14,128028676,Buy
2022-03-14,128034052,Buy
2022-03-14,128053508,Buy
2022-03-14,128058116,Buy
2022-03-14,128083204,Buy
2022-03-14,128084740,Buy
2022-03-14,128212484,Buy
2022-03-14,128215044,Buy
2022-03-14,128619524,Buy
2022-03-14,129555460,Buy
2022-03-14,131089924,Buy
2022-03-14,134167300,Buy
2022-03-14,5420545,Buy
2022-03-14,135714564,Buy
2022-03-14,138535172,Buy
2022-03-14,138675204,Buy
2022-03-14,135927044,Buy
2022-03-14,136100356,Buy
2022-03-14,136247044,Dont Buy
2022-03-14,2674433,Buy
2022-03-14,136329988,Buy
2022-03-14,136385796,Buy
2022-03-14,136422148,Buy
2022-03-14,136429060,Buy
2022-03-14,136439556,Buy
2022-03-14,136443652,Buy
2022-03-14,136460036,Buy
2022-03-14,136953860,Buy
2022-03-14,139084548,Buy
2022-03-14,139094020,Buy
2022-03-14,137941764,Buy
2022-03-21,128010756,Buy
2022-03-21,128058116,Dont Buy
2022-03-21,128083204,Buy
2022-03-21,128105476,Buy
2022-03-21,128215044,Buy
2022-03-21,128535044,Buy
2022-03-21,128793604,Buy
2022-03-21,129687044,Buy
2022-03-21,131089924,Buy
2022-03-21,134167300,Buy
2022-03-21,138396420,Buy
2022-03-21,134314756,Buy
2022-03-21,134349828,Buy
2022-03-21,138535172,Buy
2022-03-21,136286212,Buy
2022-03-21,136024068,Buy
2022-03-21,136286980,Buy
2022-03-21,136385796,Buy
2022-03-21,136392452,Buy
2022-03-21,136399620,Buy
2022-03-21,136407812,Buy
2022-03-21,136429060,Dont Buy
2022-03-21,139084548,Buy
2022-03-21,139092740,Buy
2022-03-21,139094020,Buy
2022-03-21,138117892,Buy
2022-03-28,128010500,Buy
2022-03-28,128038404,Buy
2022-03-28,128046084,Buy
2022-03-28,128125444,Buy
2022-03-28,128186884,Buy
2022-03-28,128333060,Buy
2022-03-28,128535044,Buy
2022-03-28,129370884,Buy
2022-03-28,129417476,Buy
2022-03-28,5105409,Buy
2022-03-28,129687044,Buy
2022-03-28,129694212,Buy
2022-03-28,129916932,Buy
2022-03-28,130926340,Buy
2022-03-28,134148868,Buy
2022-03-28,134315268,Buy
2022-03-28,134349828,Buy
2022-03-28,134860036,Buy
2022-03-28,138489604,Buy
2022-03-28,135741188,Buy
2022-03-28,138788100,Buy
2022-03-28,136286212,Buy
2022-03-28,136024068,Buy
2022-03-28,136132612,Buy
2022-03-28,136228868,Buy
2022-03-28,136233732,Buy
2022-03-28,136269060,Buy
2022-03-28,136286980,Buy
2022-03-28,136327172,Buy
2022-03-28,136376068,Buy
2022-03-28,136379652,Buy
2022-03-28,136396292,Buy
2022-03-28,136407812,Buy
2022-03-28,136422404,Buy
2022-03-28,139074308,Buy
2022-03-28,139078660,Buy
2022-03-28,139092740,Buy
2022-03-28,139097348,Buy
2022-03-28,138117892,Buy
2022-04-04,151041540,Buy
2022-04-04,128008196,Buy
2022-04-04,128010500,Buy
2022-04-04,128012292,Buy
2022-04-04,128021508,Buy
2022-04-04,128027652,Buy
2022-04-04,128027908,Buy
2022-04-04,128028932,Buy
2022-04-04,128029700,Buy
2022-04-04,128031748,Buy
2022-04-04,128038404,Buy
2022-04-04,128046852,Buy
2022-04-04,128060164,Buy
2022-04-04,128064772,Buy
2022-04-04,128068100,Buy
2022-04-04,128076804,Buy
2022-04-04,128090884,Buy
2022-04-04,128123652,Buy
2022-04-04,128125444,Buy
2022-04-04,128133124,Buy
2022-04-04,128186884,Buy
2022-04-04,128224772,Buy
2022-04-04,128333060,Buy
2022-04-04,128558084,Buy
2022-04-04,139062276,Buy
2022-04-04,128751876,Buy
2022-04-04,128775940,Buy
2022-04-04,129052676,Buy
2022-04-04,129078276,Buy
2022-04-04,129331204,Buy
2022-04-04,401921,Buy
2022-04-04,129459204,Buy
2022-04-04,129461764,Buy
2022-04-04,129484804,Buy
2022-04-04,129732356,Buy
2022-04-04,129745924,Buy
2022-04-04,129975556,Buy
2022-04-04,131117828,Buy
2022-04-04,131439108,Buy
2022-04-04,132428804,Buy
2022-04-04,132442628,Buy
2022-04-04,132910852,Buy
2022-04-04,133705476,Buy
2022-04-04,133940996,Buy
2022-04-04,134001924,Buy
2022-04-04,134233092,Buy
2022-04-04,134244868,Buy
2022-04-04,134247428,Buy
2022-04-04,138392324,Buy
2022-04-04,134700292,Buy
2022-04-04,134860036,Buy
2022-04-04,134898436,Buy
2022-04-04,135681796,Buy
2022-04-04,138465028,Buy
2022-04-04,138489604,Buy
2022-04-04,135822084,Buy
2022-04-04,138643972,Buy
2022-04-04,138788100,Buy
2022-04-04,135935748,Buy
2022-04-04,135966724,Buy
2022-04-04,2395137,Buy
2022-04-04,138918148,Buy
2022-04-04,138946564,Buy
2022-04-04,136132612,Buy
2022-04-04,138984196,Buy
2022-04-04,136228868,Buy
2022-04-04,139068676,Buy
2022-04-04,136237572,Buy
2022-04-04,136245764,Buy
2022-04-04,136269060,Buy
2022-04-04,136280324,Buy
2022-04-04,136294404,Buy
2022-04-04,136313604,Buy
2022-04-04,136318212,Buy
2022-04-04,136323844,Buy
2022-04-04,136326916,Buy
2022-04-04,136328196,Buy
2022-04-04,136354820,Buy
2022-04-04,136357892,Buy
2022-04-04,136376068,Buy
2022-04-04,136377860,Buy
2022-04-04,136379652,Buy
2022-04-04,136389636,Buy
2022-04-04,136406788,Buy
2022-04-04,136411140,Buy
2022-04-04,136418308,Buy
2022-04-04,136426244,Buy
2022-04-04,136433668,Buy
2022-04-04,136435972,Buy
2022-04-04,136441860,Buy
2022-04-04,136473092,Buy
2022-04-04,136483076,Buy
2022-04-04,136523012,Buy
2022-04-04,136525316,Buy
2022-04-04,136534788,Buy
2022-04-04,136536068,Buy
2022-04-04,139070212,Buy
2022-04-04,136804356,Buy
2022-04-04,136911108,Buy
2022-04-04,139079172,Buy
2022-04-04,139097348,Buy
2022-04-04,139101956,Buy
2022-04-04,138099204,Buy
2022-04-04,138210052,Buy
2022-04-04,138228996,Buy
2022-04-04,138274820,Buy
2022-04-11,151041540,Buy
2022-04-11,128008196,Buy
2022-04-11,128021508,Buy
2022-04-11,128027908,Buy
2022-04-11,128029700,Buy
2022-04-11,128060164,Buy
2022-04-11,128064004,Buy
2022-04-11,128075268,Buy
2022-04-11,128076804,Buy
2022-04-11,128090884,Buy
2022-04-11,128104964,Buy
2022-04-11,128123652,Buy
2022-04-11,128224772,Buy
2022-04-11,128558084,Buy
2022-04-11,128775940,Buy
2022-04-11,128975620,Buy
2022-04-11,129273092,Buy
2022-04-11,129459204,Buy
2022-04-11,129484804,Buy
2022-04-11,129975556,Buy
2022-04-11,131132676,Buy
2022-04-11,131417348,Buy
2022-04-11,131439108,Buy
2022-04-11,131643908,Buy
2022-04-11,132428804,Buy
2022-04-11,132910852,Buy
2022-04-11,133940996,Buy
2022-04-11,133969668,Buy
2022-04-11,133970692,Buy
2022-04-11,133991684,Buy
2022-04-11,134041092,Buy
2022-04-11,134233092,Buy
2022-04-11,134244868,Buy
2022-04-11,134247428,Buy
2022-04-11,134700292,Buy
2022-04-11,135681796,Buy
2022-04-11,138444036,Buy
2022-04-11,138465028,Buy
2022-04-11,138500868,Buy
2022-04-11,558849,Buy
2022-04-11,135935748,Buy
2022-04-11,2395137,Buy
2022-04-11,138946308,Buy
2022-04-11,3676417,Buy
2022-04-11,138984196,Buy
2022-04-11,136245764,Buy
2022-04-11,136281348,Buy
2022-04-11,136302084,Buy
2022-04-11,136322308,Buy
2022-04-11,136323844,Buy
2022-04-11,136328196,Buy
2022-04-11,136354820,Buy
2022-04-11,136357892,Buy
2022-04-11,136358916,Buy
2022-04-11,136377860,Buy
2022-04-11,136379396,Buy
2022-04-11,136389636,Buy
2022-04-11,136391428,Buy
2022-04-11,136398084,Buy
2022-04-11,136406788,Buy
2022-04-11,136411140,Buy
2022-04-11,136418308,Buy
2022-04-11,136433668,Buy
2022-04-11,136441860,Buy
2022-04-11,136473092,Buy
2022-04-11,136483076,Buy
2022-04-11,136516868,Buy
2022-04-11,136525572,Buy
2022-04-11,136526340,Buy
2022-04-11,136589316,Buy
2022-04-11,136804356,Buy
2022-04-11,139079172,Buy
2022-04-11,137125892,Buy
2022-04-11,139087620,Buy
2022-04-11,139101956,Buy
2022-04-11,137942020,Buy
2022-04-11,138061060,Buy
2022-04-11,138099204,Buy
2022-04-11,138210052,Buy
2022-04-11,138274820,Buy
2022-04-18,128073732,Buy
2022-04-18,131643908,Buy
2022-04-18,133648388,Buy
2022-04-18,133702404,Buy
2022-04-18,134286852,Buy
2022-04-18,558849,Buy
2022-04-18,136287748,Buy
2022-04-18,136409860,Buy
2022-04-18,139076100,Buy
2022-04-25,128055044,Buy
2022-04-25,128104196,Buy
2022-04-25,130871812,Buy
2022-04-25,133650948,Buy
2022-04-25,133702404,Buy
2022-04-25,138433284,Buy
2022-04-25,136004100,Buy
2022-04-25,136426244,Dont Buy
2022-04-25,136515076,Buy
2022-04-25,139099652,Buy
2022-05-02,128000516,Buy
2022-05-02,128046596,Buy
2022-05-02,128104196,Buy
2022-05-02,130871812,Dont Buy
2022-05-02,136285700,Buy
2022-05-02,136325636,Buy
2022-05-02,139071748,Buy
2022-05-02,138061316,Buy
2022-05-09,128000516,Buy
2022-05-09,136285700,Buy
2022-05-16,128031748,Buy
2022-05-16,128064772,Buy
2022-05-16,128118532,Buy
2022-05-16,128124932,Buy
2022-05-16,128140804,Buy
2022-05-16,128211204,Buy
2022-05-16,129282564,Buy
2022-05-16,129331204,Buy
2022-05-16,401921,Buy
2022-05-16,133650948,Buy
2022-05-16,138392580,Buy
2022-05-16,999937,Buy
2022-05-16,136327172,Buy
2022-05-16,136594692,Buy
2022-05-16,137914884,Buy
2022-05-23,128009988,Buy
2022-05-23,128022276,Buy
2022-05-23,128031748,Buy
2022-05-23,128064772,Buy
2022-05-23,128107524,Buy
2022-05-23,128124932,Buy
2022-05-23,128140804,Buy
2022-05-23,128602884,Buy
2022-05-23,129331204,Buy
2022-05-23,129608964,Buy
2022-05-23,129745924,Buy
2022-05-23,132404740,Buy
2022-05-23,133650948,Buy
2022-05-23,134052356,Buy
2022-05-23,135874308,Buy
2022-05-23,136258308,Buy
2022-05-23,136274180,Buy
2022-05-23,136320004,Buy
2022-05-23,136327172,Buy
2022-05-23,136435972,Buy
2022-05-23,139091204,Buy
2022-05-30,151040772,Buy
2022-05-30,128009988,Buy
2022-05-30,128010244,Buy
2022-05-30,151053060,Buy
2022-05-30,128043012,Buy
2022-05-30,128058116,Buy
2022-05-30,128107524,Buy
2022-05-30,128120836,Buy
2022-05-30,129745924,Buy
2022-05-30,130301188,Buy
2022-05-30,133989124,Buy
2022-05-30,135698692,Buy
2022-05-30,138479364,Buy
2022-05-30,138959876,Buy
2022-05-30,136245764,Buy
2022-05-30,136258308,Buy
2022-05-30,136304644,Buy
2022-05-30,136388612,Buy
2022-05-30,136856836,Buy
2022-05-30,2695681,Buy
2022-05-30,139117060,Buy
2022-05-30,138274052,Buy
2022-06-06,151043332,Buy
2022-06-06,151053060,Buy
2022-06-06,128047620,Buy
2022-06-06,128069380,Buy
2022-06-06,128120836,Dont Buy
2022-06-06,128204804,Dont Buy
2022-06-06,129052676,Buy
2022-06-06,129712644,Buy
2022-06-06,130430980,Buy
2022-06-06,131117828,Dont Buy
2022-06-06,134314756,Buy
2022-06-06,135698692,Buy
2022-06-06,136021764,Buy
2022-06-06,138959876,Dont Buy
2022-06-06,139067396,Buy
2022-06-06,136245764,Buy
2022-06-06,136304644,Buy
2022-06-06,136468484,Buy
2022-06-06,2695681,Buy
2022-06-06,137796612,Buy
2022-06-06,139093252,Buy
2022-06-13,135773956,Buy
2022-06-20,130017284,Buy
2022-06-20,131117828,Buy
2022-06-20,138946308,Buy
2022-06-20,136276740,Buy
2022-06-20,136327940,Buy
2022-06-20,136912900,Buy
2022-06-27,128135684,Buy
2022-06-27,128172036,Buy
2022-06-27,128181764,Buy
2022-06-27,129320964,Buy
2022-06-27,129329156,Buy
2022-06-27,129484804,Buy
2022-06-27,130000644,Buy
2022-06-27,130527748,Buy
2022-06-27,131117828,Buy
2022-06-27,134244868,Buy
2022-06-27,138435076,Buy
2022-06-27,138946308,Buy
2022-06-27,136245764,Buy
2022-06-27,136322308,Buy
2022-06-27,136327940,Buy
2022-06-27,136411908,Buy
2022-06-27,136436484,Buy
2022-06-27,139081476,Buy
2022-06-27,139109380,Buy
2022-06-27,138049028,Buy
2022-06-27,138228996,Buy
2022-07-04,128007940,Buy
2022-07-04,128037892,Buy
2022-07-04,128047108,Buy
2022-07-04,128064004,Buy
2022-07-04,128064260,Buy
2022-07-04,128117508,Buy
2022-07-04,128122884,Buy
2022-07-04,128130564,Buy
2022-07-04,128135684,Buy
2022-07-04,128224772,Buy
2022-07-04,129013764,Buy
2022-07-04,129320964,Buy
2022-07-04,129329156,Buy
2022-07-04,129484804,Buy
2022-07-04,129658884,Buy
2022-07-04,130000644,Buy
2022-07-04,130527748,Buy
2022-07-04,131424004,Buy
2022-07-04,132362500,Buy
2022-07-04,132389380,Buy
2022-07-04,132442628,Buy
2022-07-04,133136900,Buy
2022-07-04,133695748,Buy
2022-07-04,134001924,Buy
2022-07-04,134004996,Buy
2022-07-04,134244868,Buy
2022-07-04,134247428,Buy
2022-07-04,138425348,Buy
2022-07-04,138435076,Buy
2022-07-04,138436612,Buy
2022-07-04,138465028,Buy
2022-07-04,139183620,invalid
2022-07-04,135977476,Buy
2022-07-04,135989508,Buy
2022-07-04,138959876,Buy
2022-07-04,139024900,Buy
2022-07-04,136226308,Buy
2022-07-04,139069444,Buy
2022-07-04,136245764,Buy
2022-07-04,136319236,Buy
2022-07-04,136327428,Buy
2022-07-04,3433985,Buy
2022-07-04,136392708,Buy
2022-07-04,136395780,Buy
2022-07-04,136411908,Buy
2022-07-04,136413188,Buy
2022-07-04,136436484,Buy
2022-07-04,136487684,Buy
2022-07-04,139072772,Buy
2022-07-04,139087620,Buy
2022-07-04,138049028,Buy
2022-07-04,138228996,Buy
2022-07-11,128027652,Buy
2022-07-11,128034564,Buy
2022-07-11,128047108,Buy
2022-07-11,128053764,Buy
2022-07-11,128103172,Buy
2022-07-11,128126724,Buy
2022-07-11,128167684,Buy
2022-07-11,128224772,Buy
2022-07-11,139062276,Buy
2022-07-11,129687044,Buy
2022-07-11,133695748,Buy
2022-07-11,134247428,Buy
2022-07-11,134842628,Buy
2022-07-11,135681796,Buy
2022-07-11,138465028,Buy
2022-07-11,139183620,invalid
2022-07-11,136089348,Buy
2022-07-11,136269060,Buy
2022-07-11,136315396,Buy
2022-07-11,136376068,Buy
2022-07-11,136413188,Buy
2022-07-11,136431876,Buy
2022-07-11,136506628,Buy
2022-07-11,139072772,Buy
2022-07-11,139097348,Buy
2022-07-11,138146820,Buy
2022-07-11,138208260,Buy
2022-07-18,10241,Buy
2022-07-18,151040772,Buy
2022-07-18,128022020,Buy
2022-07-18,128027652,Buy
2022-07-18,128046852,Buy
2022-07-18,128086532,Buy
2022-07-18,128103172,Buy
2022-07-18,128126724,Buy
2022-07-18,128167684,Buy
2022-07-18,128176644,Buy
2022-07-18,139062276,Buy
2022-07-18,129687044,Buy
2022-07-18,130866180,Buy
2022-07-18,130878212,Buy
2022-07-18,132114436,Buy
2022-07-18,132449284,Buy
2022-07-18,961793,Buy
2022-07-18,134144004,Buy
2022-07-18,134899460,Buy
2022-07-18,135681284,Buy
2022-07-18,135681796,Buy
2022-07-18,891393,Buy
2022-07-18,138638340,Buy
2022-07-18,138748932,Buy
2022-07-18,135935748,Buy
2022-07-18,136076292,Buy
2022-07-18,138973956,Buy
2022-07-18,138983428,Buy
2022-07-18,139066116,Buy
2022-07-18,136239876,Buy
2022-07-18,136247044,Buy
2022-07-18,136248580,Buy
2022-07-18,136305412,Buy
2022-07-18,136315652,Buy
2022-07-18,136318212,Buy
2022-07-18,136326404,Buy
2022-07-18,136326916,Buy
2022-07-18,136357892,Buy
2022-07-18,136405764,Buy
2022-07-18,136420100,Buy
2022-07-18,136428036,Buy
2022-07-18,136428548,Buy
2022-07-18,136485380,Buy
2022-07-18,136506628,Buy
2022-07-18,136517892,Buy
2022-07-18,139078404,Buy
2022-07-18,138061060,Buy
2022-07-18,138087428,Buy
2022-07-18,138146820,Buy
2022-07-18,138246404,Buy
2022-07-25,10241,Buy
2022-07-25,128006916,Buy
2022-07-25,128008708,Buy
2022-07-25,128010500,Buy
2022-07-25,128026372,Buy
2022-07-25,128047876,Buy
2022-07-25,128051460,Buy
2022-07-25,128086532,Buy
2022-07-25,128086788,Buy
2022-07-25,128099844,Buy
2022-07-25,128125444,Buy
2022-07-25,128126212,Buy
2022-07-25,128176644,Buy
2022-07-25,128215044,Buy
2022-07-25,128333060,Buy
2022-07-25,128974340,Buy
2022-07-25,129732356,Buy
2022-07-25,130465540,Buy
2022-07-25,130824708,Buy
2022-07-25,130866180,Buy
2022-07-25,130878212,Buy
2022-07-25,131005956,Buy
2022-07-25,131207428,Buy
2022-07-25,132114436,Buy
2022-07-25,132355844,Buy
2022-07-25,132449284,Buy
2022-07-25,133940996,Buy
2022-07-25,134144004,Buy
2022-07-25,138416900,Buy
2022-07-25,135681284,Buy
2022-07-25,138638340,Buy
2022-07-25,138748932,Buy
2022-07-25,135973636,Buy
2022-07-25,138918660,Buy
2022-07-25,136071940,Buy
2022-07-25,136120068,Buy
2022-07-25,138983428,Buy
2022-07-25,139066116,Buy
2022-07-25,136233476,Buy
2022-07-25,136239876,Buy
2022-07-25,136247044,Buy
2022-07-25,136291844,Buy
2022-07-25,136305412,Buy
2022-07-25,136314628,Buy
2022-07-25,136318212,Buy
2022-07-25,136321028,Buy
2022-07-25,136326916,Buy
2022-07-25,136330500,Buy
2022-07-25,136332292,Buy
2022-07-25,136348164,Buy
2022-07-25,136363012,Buy
2022-07-25,136367876,Buy
2022-07-25,136442372,Buy
2022-07-25,136486660,Buy
2022-07-25,136517892,Buy
2022-07-25,136804356,Buy
2022-07-25,139093508,Buy
2022-07-25,139106820,Buy
2022-07-25,138061060,Buy
2022-07-25,138252036,Buy
2022-08-01,151041284,Buy
2022-08-01,151046148,Buy
2022-08-01,128010500,Buy
2022-08-01,128021508,Buy
2022-08-01,151062020,Buy
2022-08-01,128029700,Buy
2022-08-01,128047876,Buy
2022-08-01,128066564,Buy
2022-08-01,128075268,Buy
2022-08-01,128086788,Buy
2022-08-01,128090884,Buy
2022-08-01,128099844,Buy
2022-08-01,128125444,Buy
2022-08-01,128171524,Buy
2022-08-01,128215044,Buy
2022-08-01,128619524,Buy
2022-08-01,130465540,Buy
2022-08-01,130824708,Buy
2022-08-01,131005956,Buy
2022-08-01,132428804,Buy
2022-08-01,133969668,Buy
2022-08-01,133981956,Buy
2022-08-01,134049284,Buy
2022-08-01,134202884,Buy
2022-08-01,134315268,Buy
2022-08-01,3288833,Buy
2022-08-01,134352900,Buy
2022-08-01,134353924,Buy
2022-08-01,139172868,invalid
2022-08-01,134714116,Buy
2022-08-01,138431748,Buy
2022-08-01,138436356,Buy
2022-08-01,134898436,Buy
2022-08-01,135822084,Buy
2022-08-01,135990532,Buy
2022-08-01,138922244,Buy
2022-08-01,136071940,Buy
2022-08-01,138937860,Buy
2022-08-01,136089348,Buy
2022-08-01,138984196,Buy
2022-08-01,136171780,Buy
2022-08-01,139062532,Buy
2022-08-01,136230404,Buy
2022-08-01,136245508,Buy
2022-08-01,136260612,Buy
2022-08-01,136274180,Buy
2022-08-01,136280324,Buy
2022-08-01,247553,Buy
2022-08-01,136310020,Buy
2022-08-01,136311300,Buy
2022-08-01,136314628,Buy
2022-08-01,136321284,Buy
2022-08-01,136330500,Buy
2022-08-01,136352516,Buy
2022-08-01,136363012,Buy
2022-08-01,136398084,Buy
2022-08-01,136404484,Buy
2022-08-01,136422404,Buy
2022-08-01,136429572,Buy
2022-08-01,136432388,Buy
2022-08-01,136434436,Buy
2022-08-01,136437764,Buy
2022-08-01,136442372,Buy
2022-08-01,136478980,Buy
2022-08-01,136486660,Buy
2022-08-01,136515076,Buy
2022-08-01,136534788,Buy
2022-08-01,136615684,Buy
2022-08-01,136739588,Buy
2022-08-01,136783108,Buy
2022-08-01,136804356,Buy
2022-08-01,139074052,Buy
2022-08-01,139109636,Buy
2022-08-01,138005252,Buy
2022-08-01,138021892,Buy
2022-08-01,138061316,Buy
2022-08-01,138095876,Buy
2022-08-01,138118148,Buy
2022-08-01,138188548,Buy
2022-08-01,138210052,Buy
2022-08-01,138228996,Buy
2022-08-01,138241284,Buy
2022-08-01,138252036,Buy
2022-08-08,128002052,invalid
2022-08-08,138296836,invalid
2022-08-08,151041284,invalid
2022-08-08,151041540,invalid
2022-08-08,128012292,invalid
2022-08-08,128029700,invalid
2022-08-08,128029956,invalid
2022-08-08,128031748,invalid
2022-08-08,128032772,invalid
2022-08-08,128041988,invalid
2022-08-08,128062724,invalid
2022-08-08,128065796,invalid
2022-08-08,128075268,invalid
2022-08-08,128077316,invalid
2022-08-08,128090884,invalid
2022-08-08,128197124,invalid
2022-08-08,128294404,invalid
2022-08-08,128372484,invalid
2022-08-08,128619524,invalid
2022-08-08,5105409,invalid
2022-08-08,131089924,invalid
2022-08-08,1191937,invalid
2022-08-08,131502852,invalid
2022-08-08,132491268,invalid
2022-08-08,133005316,invalid
2022-08-08,133969668,invalid
2022-08-08,134197252,invalid
2022-08-08,134202884,invalid
2022-08-08,3288833,invalid
2022-08-08,134349828,invalid
2022-08-08,134353924,invalid
2022-08-08,134714116,invalid
2022-08-08,134789380,invalid
2022-08-08,138421764,invalid
2022-08-08,138433284,invalid
2022-08-08,138436356,invalid
2022-08-08,138470404,invalid
2022-08-08,135822084,invalid
2022-08-08,138740740,invalid
2022-08-08,135990532,invalid
2022-08-08,136089348,invalid
2022-08-08,138944516,invalid
2022-08-08,136171780,invalid
2022-08-08,139068932,invalid
2022-08-08,136240388,invalid
2022-08-08,136245508,invalid
2022-08-08,136260612,invalid
2022-08-08,136274180,invalid
2022-08-08,136280324,invalid
2022-08-08,247553,invalid
2022-08-08,136293124,invalid
2022-08-08,136302084,invalid
2022-08-08,136311300,invalid
2022-08-08,136323588,invalid
2022-08-08,136352516,invalid
2022-08-08,136361732,invalid
2022-08-08,136372484,invalid
2022-08-08,136398084,invalid
2022-08-08,136398852,invalid
2022-08-08,136404484,invalid
2022-08-08,136422404,invalid
2022-08-08,136429572,invalid
2022-08-08,136432388,invalid
2022-08-08,136434436,invalid
2022-08-08,136478980,invalid
2022-08-08,136525572,invalid
2022-08-08,136534788,invalid
2022-08-08,136549892,invalid
2022-08-08,136739588,invalid
2022-08-08,139077124,invalid
2022-08-08,138005252,invalid
2022-08-08,138125060,invalid
2022-08-08,138228996,invalid
2022-08-16,128026628,Buy
2022-08-16,128032772,Dont Buy
2022-08-16,128041988,Buy
2022-08-16,128062724,Buy
2022-08-16,128065796,Buy
2022-08-16,128077316,Buy
2022-08-16,128085764,Dont Buy
2022-08-16,128558084,Buy
2022-08-16,128751876,Buy
2022-08-16,129213700,Buy
2022-08-16,129341956,Buy
2022-08-16,129592836,Buy
2022-08-16,130957060,Buy
2022-08-16,1191937,Buy
2022-08-16,131643908,Buy
2022-08-16,132890884,Buy
2022-08-16,133005316,Buy
2022-08-16,134148868,Buy
2022-08-16,134185988,Buy
2022-08-16,134233092,Buy
2022-08-16,5420545,Buy
2022-08-16,138421764,Buy
2022-08-16,138430212,Buy
2022-08-16,138438916,Buy
2022-08-16,135680260,Buy
2022-08-16,138541828,Buy
2022-08-16,138545924,Buy
2022-08-16,138964484,Buy
2022-08-16,136233732,Buy
2022-08-16,139068932,Buy
2022-08-16,136268804,Buy
2022-08-16,136323588,Buy
2022-08-16,136372484,Buy
2022-08-16,136404996,Buy
2022-08-16,136483076,Buy
2022-08-16,136516868,Dont Buy
2022-08-16,139074564,Buy
2022-08-16,137871876,Buy
2022-08-16,2713345,Buy
2022-08-16,138125060,Buy
2022-08-16,138284292,Buy
2022-08-22,151047684,Buy
2022-08-22,128013316,Buy
2022-08-22,128023556,Buy
2022-08-22,128085764,Dont Buy
2022-08-22,2891009,Buy
2022-08-22,266497,Buy
2022-08-22,128558084,Buy
2022-08-22,129592836,Buy
2022-08-22,129975556,Buy
2022-08-22,131643908,Buy
2022-08-22,132890884,Buy
2022-08-22,138348804,Buy
2022-08-22,138430212,Buy
2022-08-22,134862596,Buy
2022-08-22,135680260,Buy
2022-08-22,138545924,Buy
2022-08-22,138582020,Buy
2022-08-22,138918148,Buy
2022-08-22,136286468,Buy
2022-08-22,136287748,Buy
2022-08-22,2674433,Buy
2022-08-22,136328196,Buy
2022-08-22,136404996,Buy
2022-08-22,136415236,Buy
2022-08-22,136517380,Buy
2022-08-22,136531460,Buy
2022-08-22,136723460,Buy
2022-08-22,139070212,Buy
2022-08-22,137871876,Buy
2022-08-22,139103748,Buy
2022-08-22,138256644,Buy
2022-08-29,138291972,Buy
2022-08-29,151047684,Buy
2022-08-29,128047364,Buy
2022-08-29,128051460,Buy
2022-08-29,129541636,Buy
2022-08-29,130324228,Buy
2022-08-29,132421380,Buy
2022-08-29,133970692,Buy
2022-08-29,1875201,Buy
2022-08-29,134046212,Buy
2022-08-29,134862596,Buy
2022-08-29,135713540,Buy
2022-08-29,135767812,Buy
2022-08-29,138634244,Buy
2022-08-29,138643972,Buy
2022-08-29,138675204,Buy
2022-08-29,138918148,Buy
2022-08-29,136286980,Buy
2022-08-29,136287748,Buy
2022-08-29,136313604,Buy
2022-08-29,136328196,Buy
2022-08-29,136362756,Buy
2022-08-29,136370692,Buy
2022-08-29,136385028,Buy
2022-08-29,842753,Buy
2022-08-29,136433924,Buy
2022-08-29,136479236,Buy
2022-08-29,136488964,Buy
2022-08-29,136489476,Buy
2022-08-29,136514308,Buy
2022-08-29,136531460,Buy
2022-08-29,139070212,Buy
2022-08-29,139075844,Buy
2022-08-29,139086852,Buy
2022-08-29,139097604,Buy
2022-08-29,139106820,Buy
2022-09-05,151043332,Buy
2022-09-05,128032260,Dont Buy
2022-09-05,128034052,Buy
2022-09-05,128847364,Buy
2022-09-05,129382404,Buy
2022-09-05,129541636,Buy
2022-09-05,130324228,Buy
2022-09-05,132421380,Buy
2022-09-05,1875201,Buy
2022-09-05,134046212,Buy
2022-09-05,138438148,Buy
2022-09-05,135741188,Buy
2022-09-05,135767812,Buy
2022-09-05,138643972,Buy
2022-09-05,138949892,Buy
2022-09-05,136119556,Buy
2022-09-05,139067396,Buy
2022-09-05,139068164,Buy
2022-09-05,136313604,Buy
2022-09-05,136363524,Buy
2022-09-05,136370692,Buy
2022-09-05,136385028,Buy
2022-09-05,136396804,Buy
2022-09-05,136399108,Buy
2022-09-05,136456452,Buy
2022-09-05,136488964,Buy
2022-09-05,136489476,Buy
2022-09-05,136514308,Buy
2022-09-05,139075844,Buy
2022-09-05,139084548,Buy
2022-09-05,139086852,Buy
2022-09-05,139097604,Buy
2022-09-05,139106820,Buy
2022-09-05,139116804,Buy
2022-09-05,138206980,Buy
2022-09-05,138234372,Buy
2022-09-12,128075524,Buy
2022-09-12,128105476,Dont Buy
2022-09-12,128364804,Buy
2022-09-12,128847364,Buy
2022-09-12,129271300,Buy
2022-09-12,130017284,Buy
2022-09-12,138425604,Buy
2022-09-12,136075012,Buy
2022-09-12,136119556,Buy
2022-09-12,139067396,Buy
2022-09-12,139068164,Buy
2022-09-12,136281348,Buy
2022-09-12,136399108,Dont Buy
2022-09-12,136405764,Buy
2022-09-12,139077636,Buy
2022-09-12,138035460,Buy
2022-09-12,138206980,Buy
2022-09-19,128075524,Dont Buy
2022-09-19,139133188,Dont Buy
2022-09-19,134201860,Buy
2022-09-19,138573060,Buy
2022-09-19,136281348,Buy
2022-09-19,136283140,Dont Buy
2022-09-19,136857604,Buy
2022-09-19,138185476,Buy
2022-09-26,128124932,Buy
2022-09-26,138918404,Buy
2022-09-26,138185476,Buy
2022-10-03,128124932,Buy
2022-10-03,138918404,Buy
2022-10-03,136304388,Buy
2022-10-03,136330500,Buy
2022-10-03,136353284,Buy
2022-10-03,136376324,Buy
2022-10-03,136493828,Buy
2022-10-03,136727300,Buy
2022-10-10,128171524,Buy
2022-10-10,129465860,Buy
2022-10-10,136263940,Buy
2022-10-10,136330500,Buy
2022-10-10,136353284,Buy
2022-10-10,136376324,Buy
2022-10-10,136419588,Buy
2022-10-10,136422404,Buy
2022-10-10,136483332,Buy
2022-10-10,136493828,Buy
2022-10-10,136727300,Buy
2022-10-17,128171524,Buy
2022-10-17,129385476,Buy
2022-10-17,134244868,Buy
2022-10-17,136422404,Buy
2022-10-17,136434436,Buy
2022-10-24,145920260,Buy
2022-10-24,128117508,Buy
2022-10-24,129975556,Buy
2022-10-24,136288004,Buy
2022-10-24,136434436,Buy
2022-10-24,136436484,Buy
2022-10-24,136517892,Buy
2022-10-24,137125892,Buy
2022-10-31,128086788,Buy
2022-10-31,128975620,Buy
2022-10-31,129596164,Buy
2022-10-31,134044164,Buy
2022-10-31,134842628,Buy
2022-10-31,135874308,Buy
2022-10-31,138788100,Buy
2022-10-31,136066052,Buy
2022-10-31,136304644,Buy
2022-10-31,136316932,Dont Buy
2022-10-31,136436484,Buy
2022-10-31,139074052,Buy
2022-10-31,139109892,Buy
2022-11-07,128086788,Buy
2022-11-07,128135684,Buy
2022-11-07,266497,Buy
2022-11-07,128975620,Buy
2022-11-07,131417348,Buy
2022-11-07,134044164,Buy
2022-11-07,135698692,Buy
2022-11-07,138834692,Buy
2022-11-14,128024836,Buy
2022-11-14,128096772,Buy
2022-11-14,129658884,Buy
2022-11-14,130428932,Buy
2022-11-14,131417348,Buy
2022-11-14,133693700,Buy
2022-11-14,135698692,Buy
2022-11-14,138834692,Buy
2022-11-14,139024388,Buy
2022-11-14,136371716,Buy
2022-11-14,136378628,Buy
2022-11-14,136536068,Buy
2022-11-14,138279172,Buy
2022-11-21,128009732,Buy
2022-11-21,128027652,Buy
2022-11-21,128030468,Buy
2022-11-21,151074308,Buy
2022-11-21,128204804,Buy
2022-11-21,128793860,Buy
2022-11-21,131460868,Buy
2022-11-21,132903940,Buy
2022-11-21,138414084,Buy
2022-11-21,138438916,Buy
2022-11-21,138438148,Buy
2022-11-21,135714564,Buy
2022-11-21,139068932,Buy
2022-11-21,136397828,Buy
2022-11-21,136433156,Buy
2022-11-21,136483076,Buy
2022-11-21,136521220,Buy
2022-11-21,137873156,Buy
2022-11-21,139117316,Buy
2022-11-21,138098692,Buy
2022-11-28,128006916,Buy
2022-11-28,128013316,Buy
2022-11-28,128024580,Buy
2022-11-28,128025860,Buy
2022-11-28,151062020,Buy
2022-11-28,128026628,Buy
2022-11-28,128027652,Buy
2022-11-28,151074308,Buy
2022-11-28,128041988,Buy
2022-11-28,128059652,Buy
2022-11-28,128077828,Buy
2022-11-28,128085764,Buy
2022-11-28,128117764,Buy
2022-11-28,128140036,Buy
2022-11-28,128178180,Buy
2022-11-28,128602884,Buy
2022-11-28,129041156,Buy
2022-11-28,129320964,Buy
2022-11-28,130256388,Buy
2022-11-28,139142660,Buy
2022-11-28,131424004,Buy
2022-11-28,131460868,Buy
2022-11-28,132903940,Buy
2022-11-28,133392388,Buy
2022-11-28,138414084,Buy
2022-11-28,138348804,Buy
2022-11-28,138406148,Buy
2022-11-28,999937,Buy
2022-11-28,134732548,Buy
2022-11-28,138423300,Buy
2022-11-28,138438916,Buy
2022-11-28,138438148,Buy
2022-11-28,134899460,Buy
2022-11-28,3676417,Buy
2022-11-28,138984196,Buy
2022-11-28,139068932,Buy
2022-11-28,136238340,Buy
2022-11-28,247553,Buy
2022-11-28,136286724,Buy
2022-11-28,136294404,Buy
2022-11-28,136311300,Buy
2022-11-28,136394244,Buy
2022-11-28,136396292,Buy
2022-11-28,136396804,Buy
2022-11-28,136398852,Buy
2022-11-28,136411908,Buy
2022-11-28,136456452,Buy
2022-11-28,136460036,Buy
2022-11-28,136474628,Buy
2022-11-28,136489476,Buy
2022-11-28,136515332,Buy
2022-11-28,136517380,Buy
2022-11-28,136521220,Buy
2022-11-28,139069956,Buy
2022-11-28,139081476,Buy
2022-11-28,139094020,Buy
2022-11-28,139097348,Buy
2022-11-28,137873156,Buy
2022-11-28,139115268,Buy
2022-11-28,137974276,Buy
2022-11-28,138005252,Dont Buy
2022-11-28,138098692,Buy
2022-11-28,138211588,Buy
2022-12-05,151062020,Buy
2022-12-05,128034564,Buy
2022-12-05,128041988,Buy
2022-12-05,128066564,Buy
2022-12-05,128077828,Buy
2022-12-05,128117764,Buy
2022-12-05,128140804,Buy
2022-12-05,128178180,Buy
2022-12-05,129041156,Buy
2022-12-05,129993988,Buy
2022-12-05,139142660,Buy
2022-12-05,139144196,Buy
2022-12-05,961793,Buy
2022-12-05,138406148,Buy
2022-12-05,138423300,Buy
2022-12-05,135989508,Buy
2022-12-05,136100356,Buy
2022-12-05,138984196,Buy
2022-12-05,136294404,Buy
2022-12-05,136325636,Buy
2022-12-05,136374788,Buy
2022-12-05,136394244,Dont Buy
2022-12-05,136396292,Buy
2022-12-05,136396804,Buy
2022-12-05,136411908,Buy
2022-12-05,136420100,Buy
2022-12-05,136456452,Buy
2022-12-05,136474628,Buy
2022-12-05,136489476,Buy
2022-12-05,136515332,Buy
2022-12-05,136517380,Buy
2022-12-05,136895492,Buy
2022-12-05,139081476,Buy
2022-12-05,139094020,Buy
2022-12-05,139103748,Buy
2022-12-05,139115268,Buy
2022-12-05,138099204,Buy
2022-12-12,128007940,Buy
2022-12-12,128021508,Buy
2022-12-12,128052996,Buy
2022-12-12,128140804,Buy
2022-12-12,128176644,Buy
2022-12-12,129993988,Buy
2022-12-12,131333892,Buy
2022-12-12,139144196,Buy
2022-12-12,134004996,Buy
2022-12-12,139055876,Buy
2022-12-12,136361220,Buy
2022-12-12,136420100,Buy
2022-12-12,139103748,Buy
2022-12-12,138099204,Buy
2022-12-26,151059972,Buy
2022-12-26,132437508,Buy
2022-12-26,134144004,Buy
2022-12-26,2916865,Buy
2022-12-26,134881540,Buy
2022-12-26,134912260,Buy
2022-12-26,136233732,Buy
2023-01-02,128013316,Buy
2023-01-02,129329156,Buy
2023-01-02,132437508,Buy
2023-01-02,134749956,Buy
2023-01-02,134881540,Buy
2023-01-02,134912260,Buy
2023-01-02,138582020,Buy
2023-01-02,138869764,Buy
2023-01-09,151043332,Buy
2023-01-09,128028164,Buy
2023-01-09,128333060,Buy
2023-01-09,129329156,Buy
2023-01-09,134044164,Buy
2023-01-09,136370692,Buy
2023-01-09,1316353,Dont Buy
2023-01-16,128028164,Buy
2023-01-16,129385476,Buy
2023-01-16,136421892,Buy
2023-01-16,136473092,Buy
2023-01-16,139089156,Buy
2023-01-16,138188548,Buy
2023-01-23,128224004,Buy
2023-01-23,133707524,Buy
2023-01-23,136421892,Dont Buy
2023-01-23,136442116,Buy
2023-01-23,136473092,Buy
2023-01-23,139084804,Buy
2023-01-30,128047876,Buy
2023-01-30,128122116,Buy
2023-01-30,128224004,Buy
2023-01-30,128596484,Buy
2023-01-30,129555460,Buy
2023-01-30,130878212,Buy
2023-01-30,133707524,Buy
2023-01-30,134071300,Buy
2023-01-30,138573060,Buy
2023-01-30,138748932,Buy
2023-01-30,138854148,Buy
2023-01-30,138946564,Buy
2023-01-30,136171780,Buy
2023-01-30,136320004,Buy
2023-01-30,136366852,Buy
2023-01-30,136442116,Buy
2023-02-06,128000516,Buy
2023-02-06,128047876,Buy
2023-02-06,128061700,Buy
2023-02-06,128105220,Buy
2023-02-06,128147204,Buy
2023-02-06,128217604,Buy
2023-02-06,128364804,Buy
2023-02-06,128596484,Buy
2023-02-06,129273092,Buy
2023-02-06,1191937,Buy
2023-02-06,131386372,Buy
2023-02-06,132362500,Buy
2023-02-06,133695748,Buy
2023-02-06,133989124,Buy
2023-02-06,133989892,Buy
2023-02-06,138573060,Buy
2023-02-06,138748932,Buy
2023-02-06,136171780,Buy
2023-02-06,136272132,Buy
2023-02-06,136321028,Buy
2023-02-06,136385796,Buy
2023-02-06,136456452,Buy
2023-02-06,136485380,Buy
2023-02-06,137796612,Buy
2023-02-06,139093252,Buy
2023-02-06,139107844,Buy
2023-02-06,139109380,Buy
2023-02-06,137941764,Buy
2023-02-06,138117892,Buy
2023-02-06,138241284,Buy
2023-02-13,128000516,Buy
2023-02-13,128047620,Buy
2023-02-13,128053764,Buy
2023-02-13,128061700,Buy
2023-02-13,128063748,Buy
2023-02-13,128064260,Buy
2023-02-13,128147204,Buy
2023-02-13,129459204,Buy
2023-02-13,129482244,Buy
2023-02-13,130270468,Buy
2023-02-13,131089924,Buy
2023-02-13,1191937,Buy
2023-02-13,131386372,Buy
2023-02-13,132362500,Buy
2023-02-13,133660932,Buy
2023-02-13,133695748,Buy
2023-02-13,133986564,Buy
2023-02-13,133989892,Buy
2023-02-13,134052356,Buy
2023-02-13,134167300,Buy
2023-02-13,134286852,Buy
2023-02-13,134349828,Buy
2023-02-13,138419460,Buy
2023-02-13,138535428,Buy
2023-02-13,136231940,Buy
2023-02-13,136267780,Buy
2023-02-13,136356868,Buy
2023-02-13,3433985,Buy
2023-02-13,136385284,Buy
2023-02-13,136398852,Buy
2023-02-13,136485380,Buy
2023-02-13,139091204,Buy
2023-02-13,137796612,Buy
2023-02-13,139107844,Buy
2023-02-13,139109380,Buy
2023-02-13,137914884,Buy
2023-02-13,137941764,Buy
2023-02-13,138061316,Buy
2023-02-13,138117892,Buy
2023-02-20,128047620,Buy
2023-02-20,128053764,Buy
2023-02-20,128072964,Buy
2023-02-20,129459204,Dont Buy
2023-02-20,129482244,Buy
2023-02-20,131089924,Dont Buy
2023-02-20,134167300,Buy
2023-02-20,134349828,Buy
2023-02-20,138432004,Buy
2023-02-20,138532612,Buy
2023-02-20,138535428,Buy
2023-02-20,136132612,Buy
2023-02-20,139055876,Buy
2023-02-20,136231940,Buy
2023-02-20,136267780,Buy
2023-02-20,3433985,Dont Buy
2023-02-20,136385284,Buy
2023-02-20,136395780,Buy
2023-02-20,136474628,Buy
2023-02-20,139091204,Dont Buy
2023-02-20,2713345,Buy
2023-02-27,128099844,Buy
2023-02-27,128117508,Buy
2023-02-27,128168964,Buy
2023-02-27,128172548,Buy
2023-02-27,139143428,Buy
2023-02-27,134352900,Buy
2023-02-27,138432004,Buy
2023-02-27,138435076,Buy
2023-02-27,138470916,Buy
2023-02-27,136132612,Buy
2023-02-27,139055876,Buy
2023-02-27,136383492,Buy
2023-02-27,136395780,Buy
2023-02-27,136474628,Buy
2023-02-27,139078404,Buy
2023-02-27,139081476,Buy
2023-02-27,138014212,Buy
2023-03-06,128024836,Buy
2023-03-06,128025860,Buy
2023-03-06,128027908,Buy
2023-03-06,128030468,Buy
2023-03-06,128064004,Buy
2023-03-06,128067844,Buy
2023-03-06,128099844,Buy
2023-03-06,128172548,Buy
2023-03-06,129470468,Buy
2023-03-06,129592836,Buy
2023-03-06,129923588,Buy
2023-03-06,130426884,Buy
2023-03-06,133703940,Buy
2023-03-06,134201860,Buy
2023-03-06,138392324,Buy
2023-03-06,138435076,Buy
2023-03-06,135682820,Buy
2023-03-06,138470916,Buy
2023-03-06,138638340,Buy
2023-03-06,138745348,Buy
2023-03-06,138922244,Buy
2023-03-06,138959876,Buy
2023-03-06,136257540,Buy
2023-03-06,136276740,Buy
2023-03-06,136383492,Buy
2023-03-06,136456452,Buy
2023-03-06,136488452,Buy
2023-03-06,136783108,Buy
2023-03-06,139078404,Buy
2023-03-06,138005252,Buy
2023-03-06,138188548,Buy
2023-03-06,138252292,Buy
2023-03-13,128026628,Buy
2023-03-13,128027908,Buy
2023-03-13,128056068,Buy
2023-03-13,128140036,Buy
2023-03-13,129923588,Buy
2023-03-13,134201860,Buy
2023-03-13,135682820,Buy
2023-03-13,139064324,Buy
2023-03-13,136376068,Buy
2023-03-13,136385028,Buy
2023-03-13,136488452,Buy
2023-03-13,138188548,Buy
2023-03-13,138252292,Buy
2023-03-20,151045380,Buy
2023-03-20,128029188,Buy
2023-03-20,2910465,Buy
2023-03-20,132491268,Buy
2023-03-20,134041092,Buy
2023-03-20,136004100,Buy
2023-03-20,138973956,Buy
2023-03-20,136515076,Buy
2023-03-27,128029188,Buy
2023-03-27,128097284,Buy
2023-03-27,128158724,Buy
2023-03-27,128202244,Buy
2023-03-27,129329156,Buy
2023-03-27,2910465,Buy
2023-03-27,132491268,Buy
2023-03-27,134065668,Buy
2023-03-27,135812356,Buy
2023-03-27,136004100,Buy
2023-03-27,138973956,Buy
2023-03-27,136236548,Buy
2023-03-27,136257540,Buy
2023-03-27,136400388,Buy
2023-03-27,138061060,Buy
2023-04-03,128024836,Buy
2023-04-03,128117508,Buy
2023-04-03,139062276,Buy
2023-04-03,128775940,Buy
2023-04-03,129410308,Buy
2023-04-03,129712644,Buy
2023-04-03,130476804,Buy
2023-04-03,130824708,Buy
2023-04-03,131132676,Buy
2023-04-03,131625476,Buy
2023-04-03,131626756,Buy
2023-04-03,139161604,Buy
2023-04-03,133005316,Buy
2023-04-03,133703940,Buy
2023-04-03,134065668,Buy
2023-04-03,138444036,Buy
2023-04-03,138918148,Buy
2023-04-03,136236548,Buy
2023-04-03,247553,Buy
2023-04-03,136376324,Buy
2023-04-03,136431876,Buy
2023-04-03,136783108,Buy
2023-04-03,139071748,Buy
2023-04-03,137125892,Buy
2023-04-03,139097348,Buy
2023-04-03,138021892,Buy
2023-04-03,138061060,Buy
2023-04-03,138146820,Buy
2023-04-10,145920260,Buy
2023-04-10,128005124,Buy
2023-04-10,151046148,Buy
2023-04-10,128012548,Buy
2023-04-10,151056900,Buy
2023-04-10,128024836,Buy
2023-04-10,151062020,Buy
2023-04-10,151074308,Buy
2023-04-10,128085252,Buy
2023-04-10,128117508,Buy
2023-04-10,139062276,Buy
2023-04-10,128596484,Buy
2023-04-10,128627204,Buy
2023-04-10,128975620,Buy
2023-04-10,129331204,Buy
2023-04-10,129410308,Buy
2023-04-10,129459204,Buy
2023-04-10,129712644,Buy
2023-04-10,129916932,Buy
2023-04-10,129993988,Buy
2023-04-10,130465540,Buy
2023-04-10,130824708,Buy
2023-04-10,131625476,Buy
2023-04-10,131626756,Buy
2023-04-10,132114436,Buy
2023-04-10,139161604,Buy
2023-04-10,132489220,Buy
2023-04-10,132896260,Buy
2023-04-10,133005316,Buy
2023-04-10,133380100,Buy
2023-04-10,134025988,Buy
2023-04-10,134185988,Buy
2023-04-10,134195204,Buy
2023-04-10,138396420,Buy
2023-04-10,138412292,Buy
2023-04-10,138319620,Buy
2023-04-10,134749956,Buy
2023-04-10,134860036,Buy
2023-04-10,138436356,Buy
2023-04-10,138444036,Buy
2023-04-10,138465028,Buy
2023-04-10,138479364,Buy
2023-04-10,135773956,Buy
2023-04-10,135847684,Buy
2023-04-10,135935748,Buy
2023-04-10,136119556,Buy
2023-04-10,138984196,Buy
2023-04-10,138987268,Buy
2023-04-10,139064324,Buy
2023-04-10,247553,Buy
2023-04-10,136291844,Buy
2023-04-10,136293124,Buy
2023-04-10,136316932,Buy
2023-04-10,136326148,Buy
2023-04-10,136356356,Buy
2023-04-10,136405508,Buy
2023-04-10,136414212,Buy
2023-04-10,136418308,Buy
2023-04-10,136431876,Buy
2023-04-10,136473092,Buy
2023-04-10,136486404,Buy
2023-04-10,136488964,Buy
2023-04-10,136517892,Buy
2023-04-10,136549892,Buy
2023-04-10,136783108,Buy
2023-04-10,139071748,Buy
2023-04-10,139089412,Buy
2023-04-10,139097348,Buy
2023-04-10,139109892,Buy
2023-04-10,138021892,Buy
2023-04-10,138146820,Buy
2023-04-10,138258692,Buy
2023-04-17,128005124,Buy
2023-04-17,151046148,Buy
2023-04-17,128022020,Buy
2023-04-17,128029700,Buy
2023-04-17,151074308,Buy
2023-04-17,128047108,Buy
2023-04-17,128084484,Buy
2023-04-17,128105476,Buy
2023-04-17,128125444,Buy
2023-04-17,128215044,Buy
2023-04-17,128364804,Buy
2023-04-17,128558084,Buy
2023-04-17,128619524,Buy
2023-04-17,129382404,Buy
2023-04-17,130465540,Buy
2023-04-17,139126532,Buy
2023-04-17,132896260,Buy
2023-04-17,132910852,Buy
2023-04-17,133693700,Dont Buy
2023-04-17,134185988,Buy
2023-04-17,134195204,Buy
2023-04-17,134244868,Buy
2023-04-17,138406148,Buy
2023-04-17,138412292,Buy
2023-04-17,138319620,Buy
2023-04-17,138436356,Buy
2023-04-17,138555652,Buy
2023-04-17,135888132,Buy
2023-04-17,136076292,Buy
2023-04-17,136119556,Buy
2023-04-17,138984196,Buy
2023-04-17,136230404,Buy
2023-04-17,139068164,Buy
2023-04-17,136260612,Buy
2023-04-17,136316420,Buy
2023-04-17,136316932,Buy
2023-04-17,136332292,Buy
2023-04-17,136333572,Buy
2023-04-17,136348164,Buy
2023-04-17,136378628,Buy
2023-04-17,136400644,Buy
2023-04-17,136405508,Buy
2023-04-17,136429572,Buy
2023-04-17,136486404,Buy
2023-04-17,136486660,Buy
2023-04-17,136488964,Buy
2023-04-17,136523524,Buy
2023-04-17,136549892,Buy
2023-04-17,139072516,Buy
2023-04-17,139094020,Buy
2023-04-24,128008452,invalid
2023-04-24,128008708,invalid
2023-04-24,151047684,invalid
2023-04-24,128026372,invalid
2023-04-24,128028676,invalid
2023-04-24,128032772,invalid
2023-04-24,128046596,invalid
2023-04-24,128060164,invalid
2023-04-24,128065796,invalid
2023-04-24,128068100,invalid
2023-04-24,128068612,invalid
2023-04-24,128084484,invalid
2023-04-24,128122116,invalid
2023-04-24,128204804,invalid
2023-04-24,128211204,invalid
2023-04-24,128222724,invalid
2023-04-24,128224772,invalid
2023-04-24,128364804,invalid
2023-04-24,129320964,invalid
2023-04-24,129382404,invalid
2023-04-24,129687044,invalid
2023-04-24,139135492,invalid
2023-04-24,139144452,invalid
2023-04-24,133133060,invalid
2023-04-24,133136900,invalid
2023-04-24,133969668,invalid
2023-04-24,134052356,invalid
2023-04-24,138375684,invalid
2023-04-24,134314756,invalid
2023-04-24,3579393,invalid
2023-04-24,138545924,invalid
2023-04-24,138555652,invalid
2023-04-24,135812356,invalid
2023-04-24,138643972,invalid
2023-04-24,135888132,invalid
2023-04-24,2395137,invalid
2023-04-24,136100356,invalid
2023-04-24,139024900,invalid
2023-04-24,139068676,invalid
2023-04-24,136237572,invalid
2023-04-24,136238340,invalid
2023-04-24,136269060,invalid
2023-04-24,136308228,invalid
2023-04-24,136316420,invalid
2023-04-24,136318212,invalid
2023-04-24,136321284,invalid
2023-04-24,136326404,invalid
2023-04-24,136333572,invalid
2023-04-24,136361732,invalid
2023-04-24,136363012,invalid
2023-04-24,136388612,invalid
2023-04-24,136392452,invalid
2023-04-24,136394244,invalid
2023-04-24,136403716,invalid
2023-04-24,136409092,invalid
2023-04-24,136411140,invalid
2023-04-24,136418564,invalid
2023-04-24,136426244,invalid
2023-04-24,136428036,invalid
2023-04-24,136432644,invalid
2023-04-24,136486660,invalid
2023-04-24,136487940,invalid
2023-04-24,136493828,invalid
2023-04-24,136523524,invalid
2023-04-24,136531460,invalid
2023-04-24,136739588,invalid
2023-04-24,139070724,invalid
2023-04-24,139072516,invalid
2023-04-24,139073796,invalid
2023-04-24,139075844,invalid
2023-04-24,2695681,invalid
2023-04-24,137871876,invalid
2023-04-24,139107076,invalid
2023-04-24,139116804,invalid
2023-04-24,139117060,invalid
2023-04-24,138035460,invalid
2023-04-24,138040580,invalid
2023-04-24,138095876,invalid
2023-04-24,138269444,invalid
2023-05-02,128007940,Buy
2023-05-02,128008708,Buy
2023-05-02,151047684,Buy
2023-05-02,128013316,Buy
2023-05-02,128021764,Buy
2023-05-02,128027140,Buy
2023-05-02,128028676,Buy
2023-05-02,128029956,Buy
2023-05-02,128046596,Buy
2023-05-02,128047364,Buy
2023-05-02,128074244,Buy
2023-05-02,128122116,Buy
2023-05-02,128126724,Buy
2023-05-02,128186884,Buy
2023-05-02,128204804,Buy
2023-05-02,128222724,Buy
2023-05-02,266497,Buy
2023-05-02,129271300,Buy
2023-05-02,129320964,Buy
2023-05-02,129462788,Buy
2023-05-02,129732356,Buy
2023-05-02,130366212,Buy
2023-05-02,139133444,Buy
2023-05-02,139135492,Buy
2023-05-02,139143684,Buy
2023-05-02,139159812,Buy
2023-05-02,139178756,Buy
2023-05-02,139184388,Buy
2023-05-02,133133060,Dont Buy
2023-05-02,133969668,Buy
2023-05-02,134157060,Buy
2023-05-02,134202884,Dont Buy
2023-05-02,138375684,Buy
2023-05-02,138413572,Buy
2023-05-02,134700292,Buy
2023-05-02,138424068,Buy
2023-05-02,138433284,Buy
2023-05-02,138435076,Buy
2023-05-02,138436868,Buy
2023-05-02,138541828,Buy
2023-05-02,138545924,Buy
2023-05-02,138643972,Buy
2023-05-02,2395137,Buy
2023-05-02,138964484,Buy
2023-05-02,139066116,Buy
2023-05-02,136238340,Buy
2023-05-02,136288004,Buy
2023-05-02,136294404,Buy
2023-05-02,136318212,Buy
2023-05-02,136374788,Buy
2023-05-02,136379396,Buy
2023-05-02,136388612,Buy
2023-05-02,136402436,Buy
2023-05-02,136404996,Dont Buy
2023-05-02,136418564,Buy
2023-05-02,136426244,Buy
2023-05-02,136428036,Buy
2023-05-02,136429060,Buy
2023-05-02,136429316,Buy
2023-05-02,136483076,Buy
2023-05-02,136487684,Buy
2023-05-02,136487940,Buy
2023-05-02,136493828,Buy
2023-05-02,136506628,Buy
2023-05-02,136531460,Buy
2023-05-02,139071492,Buy
2023-05-02,139073796,Buy
2023-05-02,139075844,Buy
2023-05-02,2695681,Buy
2023-05-02,139079428,Buy
2023-05-02,137871876,Buy
2023-05-02,139107076,Buy
2023-05-02,139109636,Buy
2023-05-02,139116804,Buy
2023-05-02,138269444,Buy
2023-05-08,128007940,Buy
2023-05-08,128013316,Buy
2023-05-08,128021764,Buy
2023-05-08,151059972,Buy
2023-05-08,128064772,Buy
2023-05-08,128085764,Buy
2023-05-08,128126724,Buy
2023-05-08,128178180,Buy
2023-05-08,128186884,Buy
2023-05-08,128197124,Buy
2023-05-08,266497,Buy
2023-05-08,128602884,Buy
2023-05-08,129462788,Buy
2023-05-08,130366212,Buy
2023-05-08,130835460,Buy
2023-05-08,139143684,Buy
2023-05-08,131847684,Buy
2023-05-08,132890884,Buy
2023-05-08,139184388,Buy
2023-05-08,133122052,Buy
2023-05-08,133134596,Buy
2023-05-08,134157060,Buy
2023-05-08,138420228,Buy
2023-05-08,134700292,Buy
2023-05-08,138421764,Buy
2023-05-08,138424068,Buy
2023-05-08,138433284,Buy
2023-05-08,138435076,Buy
2023-05-08,138436868,Buy
2023-05-08,135713540,Buy
2023-05-08,138537732,Buy
2023-05-08,138918404,Buy
2023-05-08,136066052,Buy
2023-05-08,136071940,Buy
2023-05-08,139066116,Buy
2023-05-08,136247812,Buy
2023-05-08,136288004,Buy
2023-05-08,136294404,Buy
2023-05-08,136374788,Buy
2023-05-08,136389636,Buy
2023-05-08,136396804,Buy
2023-05-08,136420356,Buy
2023-05-08,136428548,Buy
2023-05-08,136429060,Buy
2023-05-08,136491012,Buy
2023-05-08,136514308,Buy
2023-05-08,136536068,Buy
2023-05-08,139081476,Buy
2023-05-08,137898500,Buy
2023-05-08,139109636,Buy
2023-05-08,1753089,Buy
2023-05-08,138063108,Buy
2023-05-08,138118148,Buy
2023-05-08,138241284,Buy
2023-05-15,151040772,Buy
2023-05-15,128021508,Buy
2023-05-15,128060932,Buy
2023-05-15,128133124,Buy
2023-05-15,128168964,Buy
2023-05-15,129541636,Buy
2023-05-15,129975556,Buy
2023-05-15,131333892,Buy
2023-05-15,132396548,Buy
2023-05-15,132890884,Buy
2023-05-15,133122052,Buy
2023-05-15,133134596,Buy
2023-05-15,138418948,Buy
2023-05-15,138420228,Buy
2023-05-15,138537732,Buy
2023-05-15,138983684,Buy
2023-05-15,136304644,Buy
2023-05-15,136433668,Buy
2023-05-15,136435972,Dont Buy
2023-05-15,136514308,Buy
2023-05-15,136516356,Buy
2023-05-15,137042436,Buy
2023-05-15,139081476,Buy
2023-05-15,138063108,Buy
2023-05-22,151040772,Buy
2023-05-22,128022276,Buy
2023-05-22,128024580,Buy
2023-05-22,128060932,Buy
2023-05-22,128075524,Buy
2023-05-22,128077316,Buy
2023-05-22,128120836,Buy
2023-05-22,139125252,Buy
2023-05-22,131225348,Buy
2023-05-22,139142660,Buy
2023-05-22,131481348,Buy
2023-05-22,3947265,Buy
2023-05-22,138418948,Buy
2023-05-22,134325508,Buy
2023-05-22,3247617,Buy
2023-05-22,134868228,Buy
2023-05-22,136088324,Buy
2023-05-22,136304644,Buy
2023-05-22,136310020,Buy
2023-05-22,136327428,Buy
2023-05-22,136358916,Buy
2023-05-22,136379652,Buy
2023-05-22,136404996,Buy
2023-05-22,136516356,Buy
2023-05-22,136857604,Buy
2023-05-22,136912900,Buy
2023-05-29,138294276,Buy
2023-05-29,128048900,Buy
2023-05-29,128094212,Buy
2023-05-29,128104964,Buy
2023-05-29,129608964,Buy
2023-05-29,139125252,Buy
2023-05-29,131225348,Buy
2023-05-29,139142660,Buy
2023-05-29,131481348,Buy
2023-05-29,133705476,Buy
2023-05-29,961793,Buy
2023-05-29,3947265,Buy
2023-05-29,5420545,Buy
2023-05-29,134325508,Buy
2023-05-29,134327044,Buy
2023-05-29,134332164,Buy
2023-05-29,134732548,Buy
2023-05-29,138611204,Buy
2023-05-29,138875908,Buy
2023-05-29,139068932,Buy
2023-05-29,136285700,Buy
2023-05-29,136310020,Buy
2023-05-29,136327428,Buy
2023-05-29,136372484,Buy
2023-05-29,136433156,Buy
2023-05-29,136468484,Buy
2023-05-29,136479236,Buy
2023-05-29,136489476,Buy
2023-05-29,136525316,Buy
2023-05-29,136727300,Buy
2023-05-29,136857604,Buy
2023-05-29,139074308,Buy
2023-05-29,138190596,Buy
2023-05-29,138256644,Buy
2023-06-05,128027652,Buy
2023-06-05,128052996,Buy
2023-06-05,128086788,Buy
2023-06-05,128103684,Buy
2023-06-05,128120324,Buy
2023-06-05,129608964,Buy
2023-06-05,130957060,Buy
2023-06-05,131330564,Buy
2023-06-05,139143684,Buy
2023-06-05,131439108,Buy
2023-06-05,133704964,Buy
2023-06-05,133705476,Buy
2023-06-05,961793,Buy
2023-06-05,5420545,Buy
2023-06-05,134327044,Buy
2023-06-05,134332164,Buy
2023-06-05,2916865,Buy
2023-06-05,138638596,Buy
2023-06-05,136286212,Buy
2023-06-05,138875908,Buy
2023-06-05,138946564,Buy
2023-06-05,136264964,Buy
2023-06-05,136280324,Buy
2023-06-05,136285700,Buy
2023-06-05,136286980,Buy
2023-06-05,136314372,Buy
2023-06-05,136328196,Buy
2023-06-05,136352516,Buy
2023-06-05,136357892,Buy
2023-06-05,136377604,Buy
2023-06-05,136383748,Buy
2023-06-05,136443652,Buy
2023-06-05,136468484,Buy
2023-06-05,136479236,Buy
2023-06-05,136489476,Buy
2023-06-05,136525316,Buy
2023-06-05,136642052,Buy
2023-06-05,139079172,Buy
2023-06-05,139093252,Buy
2023-06-05,139106308,Buy
2023-06-05,139107588,Buy
2023-06-05,138099204,Buy
2023-06-05,138169604,Buy
2023-06-05,138256644,Buy
2023-06-12,151041540,Buy
2023-06-12,128027652,Buy
2023-06-12,128052996,Buy
2023-06-12,128068612,Dont Buy
2023-06-12,128086788,Buy
2023-06-12,128099844,Buy
2023-06-12,128120324,Buy
2023-06-12,128166404,Buy
2023-06-12,128222724,Buy
2023-06-12,130000644,Buy
2023-06-12,130017284,Buy
2023-06-12,130957060,Buy
2023-06-12,139133444,Buy
2023-06-12,132481540,Buy
2023-06-12,133704964,Buy
2023-06-12,138394116,Buy
2023-06-12,134714116,Buy
2023-06-12,138638596,Buy
2023-06-12,136233732,Buy
2023-06-12,136264964,Buy
2023-06-12,136268804,Buy
2023-06-12,136328196,Buy
2023-06-12,136352516,Buy
2023-06-12,136383748,Buy
2023-06-12,136642052,Buy
2023-06-12,139093252,Buy
2023-06-12,139106820,Buy
2023-06-12,138035460,Buy
2023-06-19,151041540,Buy
2023-06-19,128043780,Buy
2023-06-19,128166404,Buy
2023-06-19,128294404,Buy
2023-06-19,130017284,Dont Buy
2023-06-19,139160580,Buy
2023-06-19,134881540,Buy
2023-06-19,138436612,Buy
2023-06-19,138987524,Buy
2023-06-19,136265220,Buy
2023-06-19,136460036,Buy
2023-06-19,136485380,Buy
2023-06-19,139110148,Buy
2023-06-26,128294404,Buy
2023-06-26,139160580,Buy
2023-06-26,134353924,Buy
2023-06-26,134862596,Buy
2023-06-26,134881540,Buy
2023-06-26,135820548,Buy
2023-06-26,136265220,Buy
2023-06-26,136330244,Buy
2023-06-26,136460036,Buy
2023-06-26,139110148,Buy
2023-06-26,139113476,Buy
2023-07-03,128048132,Buy
2023-07-03,129417476,Buy
2023-07-03,134862596,Buy
2023-07-03,138573060,Buy
2023-07-03,136230148,Buy
2023-07-03,136231684,Buy
2023-07-10,128048132,Buy
2023-07-10,139172868,Buy
2023-07-10,134750980,Buy
2023-07-10,4959233,Buy
2023-07-10,136230148,Buy
2023-07-10,136231684,Buy
2023-07-10,136433924,Buy
2023-07-10,136475140,Buy
2023-07-17,128039172,Buy
2023-07-17,128063748,Buy
2023-07-17,134201860,Buy
2023-07-17,134750980,Buy
2023-07-17,4959233,Buy
2023-07-17,134912260,Buy
2023-07-17,135888132,Buy
2023-07-17,136413188,Buy
2023-07-17,136433924,Buy
2023-07-17,136437764,Buy
2023-07-24,128009732,Buy
2023-07-24,128063748,Buy
2023-07-24,128117764,Buy
2023-07-24,134912260,Buy
2023-07-24,135888132,Buy
2023-07-24,136437764,Buy
2023-07-24,2713345,Buy
2023-07-31,128147204,Buy
2023-07-31,136525572,Buy
2023-07-31,136723460,Buy
2023-08-07,130926340,Buy
2023-08-07,133648388,Buy
2023-08-07,136403716,Buy
2023-08-07,136525572,Buy
2023-08-07,139089412,Buy
2023-08-14,128596484,Buy
2023-08-14,128627204,Buy
2023-08-14,129484804,Dont Buy
2023-08-14,134065668,Buy
