Date,Symbol,Token
2020-08-03,VTL,128764420
2020-08-03,GRAPHITE,130428932
2020-08-10,BLUESTARCO,128017156
2020-08-10,ABBOTINDIA,128124932
2020-08-10,AKZOINDIA,128181764
2020-08-10,ZEEL,129417476
2020-08-10,GRINDWELL,129555460
2020-08-10,GENESYS,129563908
2020-08-10,AJMERA,131417348
2020-08-10,SOTL,134314756
2020-08-10,INDIGO,138098692
2020-08-17,BATAINDIA,128011012
2020-08-17,PIDILITIND,128084740
2020-08-17,ZEEL,129417476
2020-08-17,PENIND,131386372
2020-08-17,SYMPHONY,132450564
2020-08-17,CHALET,138854148
2020-08-17,NTPC,136334084
2020-08-17,SHOPERSTOP,136355332
2020-08-17,VGUARD,136435972
2020-08-17,SCHNEIDER,136739588
2020-08-17,ABFRL,137153284
2020-08-17,INDIGO,138098692
2020-08-24,BATAINDIA,128011012
2020-08-24,GODFRYPHLP,128041732
2020-08-24,JCHAC,133989892
2020-08-24,SPCENET,4959233
2020-08-24,INDOSTAR,138582020
2020-08-24,CONCOR,136024068
2020-08-24,COALINDIA,136519172
2020-08-31,SPCENET,4959233
2020-09-14,RAJESHEXPO,136064004
2020-09-14,ENGINERSIN,136237572
2020-09-21,PAGEIND,136403716
2020-10-05,63MOONS,134881540
2020-10-05,GRSE,138754820
2020-10-12,REFEX,136418308
2020-10-19,FACT,151046148
2020-10-19,MTNL,128027652
2020-10-19,CHENNPETRO,128028164
2020-10-19,IDBI,128029700
2020-10-19,LT,128130564
2020-10-19,JKTYRE,135681796
2020-10-19,BORORENEW,128568068
2020-10-19,TTML,136286980
2020-10-19,PCJEWELLER,136911108
2020-10-19,SHARDACROP,137898500
2020-10-26,MRF,128074244
2020-10-26,THERMAX,128105220
2020-10-26,LT,128130564
2020-10-26,NESTLEIND,128202244
2020-10-26,CARBORUNIV,131424004
2020-10-26,DMART,138336260
2020-10-26,SOTL,134314756
2020-10-26,JKTYRE,135681796
2020-10-26,POLYCAB,138918916
2020-10-26,BORORENEW,128568068
2020-10-26,TTML,136286980
2020-10-26,RPOWER,136432388
2020-10-26,SHARDACROP,137898500
2020-11-02,HINDPETRO,128026628
2020-11-02,ESABINDIA,128034052
2020-11-02,KSB,128063748
2020-11-02,SMLISUZU,129329156
2020-11-02,ELECON,129459204
2020-11-02,CARBORUNIV,131424004
2020-11-02,DMART,138336260
2020-11-02,SOTL,134314756
2020-11-02,NACLIND,134325508
2020-11-02,SIS,138412292
2020-11-02,SUNPHARMA,134327044
2020-11-02,GALAXYSURF,138479364
2020-11-02,POWERGRID,136421892
2020-11-02,BAJAJFINSV,136442372
2020-11-02,NHPC,136473092
2020-11-09,KARURVYSYA,151040772
2020-11-09,XPROINDIA,151043332
2020-11-09,HINDPETRO,128026628
2020-11-09,ESABINDIA,128034052
2020-11-09,KIRLOSIND,128062212
2020-11-09,KSB,128063748
2020-11-09,ORIENTHOT,128080388
2020-11-09,THOMASCOOK,128105732
2020-11-09,TORNTPHARM,128107524
2020-11-09,BAJAJHLDNG,128125444
2020-11-09,GESHIP,128158724
2020-11-09,ITC,128224004
2020-11-09,PHOENIXLTD,128793604
2020-11-09,BBL,129013764
2020-11-09,SMLISUZU,129329156
2020-11-09,ELECON,129459204
2020-11-09,KENNAMET,129507844
2020-11-09,STYRENIX,129592836
2020-11-09,GMBREW,129916932
2020-11-09,NLCINDIA,131502852
2020-11-09,TASTYBITE,5143553
2020-11-09,GET&D,133702404
2020-11-09,EIHAHOTELS,133920516
2020-11-09,3MINDIA,133989124
2020-11-09,NACLIND,134325508
2020-11-09,SUNPHARMA,134327044
2020-11-09,AUROPHARMA,134349828
2020-11-09,NMDC,134750980
2020-11-09,ICICIGI,138423300
2020-11-09,NIACL,138436868
2020-11-09,MANGCHEFER,135682820
2020-11-09,GALAXYSURF,138479364
2020-11-09,BANDHANBNK,138535172
2020-11-09,GOODLUCK,135847684
2020-11-09,IOC,135927044
2020-11-09,CONCOR,136024068
2020-11-09,BANKBARODA,136226308
2020-11-09,APARINDS,136258308
2020-11-09,PNBGILTS,136285700
2020-11-09,UBL,136314372
2020-11-09,PETRONET,136325636
2020-11-09,PTC,136326148
2020-11-09,NDTV,136327428
2020-11-09,DCBBANK,136389636
2020-11-09,IBREALEST,136404996
2020-11-09,FORTIS,136407812
2020-11-09,HGS,136411908
2020-11-09,BAJAJFINSV,136442372
2020-11-09,NHPC,136473092
2020-11-09,COALINDIA,136519172
2020-11-09,TDPOWERSYS,136589572
2020-11-09,IMAGICAA,137998340
2020-11-09,INOXWIND,138005252
2020-11-09,VRLLOG,138014212
2020-11-09,PRECAM,138146820
2020-11-09,ICICIPRULI,138274052
2020-11-09,VBL,138286084
2020-11-17,BOMDYEING,128005124
2020-11-17,CENTURYTEX,128010244
2020-11-17,BEML,128012292
2020-11-17,BEL,128012548
2020-11-17,GODFRYPHLP,128041732
2020-11-17,GODREJIND,128041988
2020-11-17,INGERRAND,128053764
2020-11-17,KIRLOSBROS,128061700
2020-11-17,WSTCSTPAPR,128113668
2020-11-17,SKFINDIA,128120836
2020-11-17,BAJAJHLDNG,128125444
2020-11-17,GESHIP,128158724
2020-11-17,CASTROLIND,128222724
2020-11-17,ITC,128224004
2020-11-17,ORIENTPPR,128619524
2020-11-17,PHOENIXLTD,128793604
2020-11-17,BBL,129013764
2020-11-17,INDIANHUME,129213700
2020-11-17,STYRENIX,129592836
2020-11-17,TVSSRICHAK,130366212
2020-11-17,HEG,130465540
2020-11-17,HINDCOPPER,131481348
2020-11-17,ADORWELD,132362500
2020-11-17,HONAUT,132396548
2020-11-17,GIPCL,132428804
2020-11-17,KEI,132497668
2020-11-17,VESUVIUS,133148932
2020-11-17,GET&D,133702404
2020-11-17,EIHAHOTELS,133920516
2020-11-17,DCMSHRIRAM,133981956
2020-11-17,AUROPHARMA,134349828
2020-11-17,GANESHHOUC,134749956
2020-11-17,ICICIGI,138423300
2020-11-17,NIACL,138436868
2020-11-17,MANGCHEFER,135682820
2020-11-17,HGINFRA,138500868
2020-11-17,ARVINDFASN,138875908
2020-11-17,IIFLSEC,138949892
2020-11-17,IRCTC,138964484
2020-11-17,GAIL,136231684
2020-11-17,JKPAPER,136233476
2020-11-17,GMDCLTD,136238340
2020-11-17,J&KBANK,136245508
2020-11-17,AXISCADES,136293124
2020-11-17,MCDOWELL-N,2674433
2020-11-17,APTECHT,136313604
2020-11-17,PETRONET,136325636
2020-11-17,PTC,136326148
2020-11-17,NDTV,136327428
2020-11-17,KTKBANK,136358916
2020-11-17,BLKASHYAP,136376068
2020-11-17,VOLTAMP,136385796
2020-11-17,IBREALEST,136404996
2020-11-17,TITAGARH,136439300
2020-11-17,DBCORP,136486660
2020-11-17,VASCONEQ,136487940
2020-11-17,RAMKY,136515076
2020-11-17,ASHOKA,136517380
2020-11-17,GRAVITA,136520196
2020-11-17,KIRLOSENG,136523012
2020-11-17,SCHNEIDER,136739588
2020-11-17,NBCC,136783108
2020-11-17,INDUSTOWER,136912900
2020-11-17,IMAGICAA,137998340
2020-11-17,INOXWIND,138005252
2020-11-17,VRLLOG,138014212
2020-11-17,PRECAM,138146820
2020-11-17,BHARATWIRE,138188548
2020-11-17,MGL,138228996
2020-11-17,ICICIPRULI,138274052
2020-11-17,HPL,138274820
2020-11-23,BOMDYEING,128005124
2020-11-23,BAJAJHIND,128008196
2020-11-23,BHARATRAS,151045380
2020-11-23,CENTURYTEX,128010244
2020-11-23,BEML,128012292
2020-11-23,BEL,128012548
2020-11-23,WHEELS,151058692
2020-11-23,ORISSAMINE,151062020
2020-11-23,HCC,128047364
2020-11-23,KIRLOSBROS,128061700
2020-11-23,ONGC,128079876
2020-11-23,PATANJALI,128094212
2020-11-23,SKFINDIA,128120836
2020-11-23,BBTC,128364804
2020-11-23,GREAVESCOT,128372484
2020-11-23,BOROLTD,139062276
2020-11-23,ORIENTPPR,128619524
2020-11-23,SESHAPAPER,128627204
2020-11-23,PENINLAND,128775940
2020-11-23,INDIANHUME,129213700
2020-11-23,RANEHOLDIN,129484804
2020-11-23,HEG,130465540
2020-11-23,VAKRANGEE,130926340
2020-11-23,MMTC,131424516
2020-11-23,ANANTRAJ,131854084
2020-11-23,ADORWELD,132362500
2020-11-23,GIPCL,132428804
2020-11-23,KEI,132497668
2020-11-23,BALMLAWRIE,133969668
2020-11-23,SCI,134041092
2020-11-23,DREDGECORP,134046212
2020-11-23,RCF,134202884
2020-11-23,HUDCO,138375684
2020-11-23,PSPPROJECT,138379268
2020-11-23,ZOTA,2916865
2020-11-23,GICRE,138433284
2020-11-23,APOLLO,138465028
2020-11-23,UGARSUGAR,135772932
2020-11-23,NRBBEARING,135773956
2020-11-23,IRCON,138740740
2020-11-23,MSTCLTD,2395137
2020-11-23,RVNL,138918148
2020-11-23,BANKINDIA,136230148
2020-11-23,JKPAPER,136233476
2020-11-23,SOUTHBANK,136247812
2020-11-23,IOB,136291332
2020-11-23,PNB,136310020
2020-11-23,UNIONBANK,136314116
2020-11-23,CANBK,136315652
2020-11-23,MAHABANK,136326404
2020-11-23,YESBANK,136357892
2020-11-23,RML,136361220
2020-11-23,GSPL,136371716
2020-11-23,KKCL,136379396
2020-11-23,SUNTV,136379652
2020-11-23,IDEA,136402436
2020-11-23,SPARC,136415236
2020-11-23,EDELWEISS,136428036
2020-11-23,TRIL,136429572
2020-11-23,IRB,136434436
2020-11-23,KIRIINDUS,136439556
2020-11-23,OIL,136475140
2020-11-23,VASCONEQ,136487940
2020-11-23,RAMKY,136515076
2020-11-23,JWL,136517636
2020-11-23,GRAVITA,136520196
2020-11-23,KIRLOSENG,136523012
2020-11-23,PSB,136523524
2020-11-23,INDUSTOWER,136912900
2020-11-23,POWERMECH,138061316
2020-11-23,SATIN,138087428
2020-11-23,BHARATWIRE,138188548
2020-11-23,MGL,138228996
2020-12-01,BAJAJHIND,128008196
2020-12-01,BHARATRAS,151045380
2020-12-01,CESC,128021508
2020-12-01,BHEL,128026372
2020-12-01,ORISSAMINE,151062020
2020-12-01,IFCI,128027140
2020-12-01,MRPL,128027908
2020-12-01,MADRASFERT,151074308
2020-12-01,HMT,128048900
2020-12-01,RALLIS,128090884
2020-12-01,GREAVESCOT,128372484
2020-12-01,SESHAPAPER,128627204
2020-12-01,NELCO,129052676
2020-12-01,NAVA,131333892
2020-12-01,ANANTRAJ,131854084
2020-12-01,VINDHYATEL,132355844
2020-12-01,SYMPHONY,132450564
2020-12-01,CENTUM,132491268
2020-12-01,KITEX,133439492
2020-12-01,HONDAPOWER,133648388
2020-12-01,BALMLAWRIE,133969668
2020-12-01,RIIL,134001924
2020-12-01,SCI,134041092
2020-12-01,NFL,134049284
2020-12-01,IOLCP,134185988
2020-12-01,RCF,134202884
2020-12-01,KIOCL,138414084
2020-12-01,PSPPROJECT,138379268
2020-12-01,GICRE,138433284
2020-12-01,GUJALKALI,135680260
2020-12-01,JUBLPHARMA,135684868
2020-12-01,UGARSUGAR,135772932
2020-12-01,PARACABLES,135822084
2020-12-01,KRBL,135888132
2020-12-01,RAJESHEXPO,136064004
2020-12-01,NEOGEN,138922244
2020-12-01,SWSOLAR,138946564
2020-12-01,ARTEMISMED,138987268
2020-12-01,AGARIND,136171780
2020-12-01,IOB,136291332
2020-12-01,PNB,136310020
2020-12-01,UNIONBANK,136314116
2020-12-01,CANBK,136315652
2020-12-01,ASTRAMICRO,136318212
2020-12-01,UCOBANK,136321284
2020-12-01,MAHABANK,136326404
2020-12-01,GSPL,136371716
2020-12-01,KKCL,136379396
2020-12-01,SUNTV,136379652
2020-12-01,TORNTPOWER,136391428
2020-12-01,DAAWAT,136392452
2020-12-01,TV18BRDCST,136396804
2020-12-01,ICRA,136405764
2020-12-01,SPARC,136415236
2020-12-01,MOTILALOFS,136420356
2020-12-01,EDELWEISS,136428036
2020-12-01,SEPC,136433924
2020-12-01,MOIL,136521220
2020-12-01,PSB,136523524
2020-12-01,BFINVEST,136525572
2020-12-01,TEXRAIL,136531460
2020-12-01,POWERMECH,138061316
2020-12-01,BLS,138258692
2020-12-07,MRPL,128027908
2020-12-07,HMT,128048900
2020-12-07,UNIENTER,2891009
2020-12-07,ABBOTINDIA,128124932
2020-12-07,DEEPAKFERT,128165124
2020-12-07,EXCELINDUS,128166404
2020-12-07,NELCO,129052676
2020-12-07,VINDHYATEL,132355844
2020-12-07,LUMAXIND,132404740
2020-12-07,SYMPHONY,132450564
2020-12-07,CENTUM,132491268
2020-12-07,HERITGFOOD,133005316
2020-12-07,HONDAPOWER,133648388
2020-12-07,RIIL,134001924
2020-12-07,NFL,134049284
2020-12-07,KIOCL,138414084
2020-12-07,GUJALKALI,135680260
2020-12-07,JUBLPHARMA,135684868
2020-12-07,ISEC,138541828
2020-12-07,MIDHANI,138545924
2020-12-07,PARACABLES,135822084
2020-12-07,RAJESHEXPO,136064004
2020-12-07,NEOGEN,138922244
2020-12-07,SWSOLAR,138946564
2020-12-07,AGARIND,136171780
2020-12-07,AJANTPHARM,136276740
2020-12-07,ASTRAMICRO,136318212
2020-12-07,UCOBANK,136321284
2020-12-07,SUZLON,136362756
2020-12-07,REPRO,136367876
2020-12-07,TORNTPOWER,136391428
2020-12-07,TV18BRDCST,136396804
2020-12-07,ICRA,136405764
2020-12-07,DISHTV,136406788
2020-12-07,MOTILALOFS,136420356
2020-12-07,KUANTUM,136431876
2020-12-07,SEPC,136433924
2020-12-07,HATHWAY,136489476
2020-12-07,MOIL,136521220
2020-12-07,BFINVEST,136525572
2020-12-07,STEELXIND,136895492
2020-12-14,ABBOTINDIA,128124932
2020-12-14,EXCELINDUS,128166404
2020-12-14,BDL,138532612
2020-12-14,REPRO,136367876
2020-12-14,ASTEC,136483332
2020-12-14,MCX,136727300
2020-12-14,STEELXIND,136895492
2020-12-21,TTKPRESTIG,132481540
2020-12-21,ASTEC,136483332
2020-12-28,DHANUKA,129975556
2020-12-28,TTKPRESTIG,132481540
2020-12-28,INFOBEAN,139172868
2020-12-28,IRB,136434436
2020-12-28,RTNINDIA,136856836
2021-01-04,EPL,128034564
2021-01-04,EXCELINDUS,128166404
2021-01-04,BAYERCROP,129608964
2021-01-04,DHANUKA,129975556
2021-01-04,INFOBEAN,139172868
2021-01-04,FIEMIND,136388612
2021-01-04,RTNINDIA,136856836
2021-01-11,CIGNITITEC,1316353
2021-02-01,TORNTPHARM,128107524
2021-02-01,PIIND,134052356
2021-02-01,HIKAL,134332164
2021-02-01,MANAPPURAM,135990532
2021-02-08,RELIANCE,128083204
2021-02-08,ALEMBICLTD,129596164
2021-02-08,PIIND,134052356
2021-02-08,MANAPPURAM,135990532
2021-02-08,GSPL,136371716
2021-02-08,ZFCVINDIA,136453892
2021-02-08,INFIBEAM,138190596
2021-02-15,HERITGFOOD,133005316
2021-02-22,SANOFI,128172548
2021-02-22,FMGOETZE,129470468
2021-02-22,KOKUYOCMLN,133940996
2021-02-22,DWARKESH,136348164
2021-03-01,DABUR,128024580
2021-03-01,SANOFI,128172548
2021-03-01,SHREDIGCEM,128558084
2021-03-01,CCL,133017604
2021-03-01,GUJALKALI,135680260
2021-03-01,RITES,138638340
2021-03-01,GEPIL,136271108
2021-03-01,OFSS,136311300
2021-03-01,ASTRAMICRO,136318212
2021-03-01,DWARKESH,136348164
2021-03-01,RENUKA,136363524
2021-03-08,SHREDIGCEM,128558084
2021-03-08,MARKSANS,134247428
2021-03-08,GUJALKALI,135680260
2021-03-08,RITES,138638340
2021-03-08,GEPIL,136271108
2021-03-08,OFSS,136311300
2021-03-08,ASTRAMICRO,136318212
2021-03-08,HATHWAY,136489476
2021-03-22,METROPOLIS,138918404
2021-03-22,JPPOWER,136352516
2021-03-30,RESPONIND,129410308
2021-03-30,RAJESHEXPO,136064004
2021-03-30,METROPOLIS,138918404
2021-03-30,GODREJCP,136300548
2021-03-30,JPPOWER,136352516
2021-03-30,PARAGMILK,138211588
2021-04-05,MAITHANALL,151059972
2021-04-05,ORIENTHOT,128080388
2021-04-05,SANOFI,128172548
2021-04-05,BBTC,128364804
2021-04-05,SRF,128974340
2021-04-05,BSE,5013761
2021-04-05,HIKAL,134332164
2021-04-05,63MOONS,134881540
2021-04-05,SHALBY,138444036
2021-04-05,FINEORG,138638596
2021-04-05,FDC,136089348
2021-04-05,GLENMARK,136267780
2021-04-05,ZYDUSLIFE,136274180
2021-04-05,AXISCADES,136293124
2021-04-05,GODREJCP,136300548
2021-04-05,RENUKA,136363524
2021-04-05,NAUKRI,136390916
2021-04-05,REFEX,136418308
2021-04-05,KSCL,136422148
2021-04-05,APLLTD,136594692
2021-04-05,CIGNITITEC,1316353
2021-04-05,MONTECARLO,137942020
2021-04-05,SHK,138099204
2021-04-05,PRECAM,138146820
2021-04-05,PARAGMILK,138211588
2021-04-05,VALIANTORG,138277124
2021-04-12,ANDHRSUGAR,151055876
2021-04-12,DRREDDY,128031748
2021-04-12,PFIZER,128174084
2021-04-12,IPCALAB,134270468
2021-04-12,GTPL,138394116
2021-04-12,HIKAL,134332164
2021-04-12,ZOTA,2916865
2021-04-12,5PAISA,138438660
2021-04-12,SHALBY,138444036
2021-04-12,SUVEN,135741188
2021-04-12,FINEORG,138638596
2021-04-12,FDC,136089348
2021-04-12,GLENMARK,136267780
2021-04-12,ZYDUSLIFE,136274180
2021-04-12,JSL,136322052
2021-04-12,UTTAMSUGAR,136378628
2021-04-12,RTNINDIA,136856836
2021-04-12,CIGNITITEC,1316353
2021-04-12,SHK,138099204
2021-04-12,PRECAM,138146820
2021-04-12,VALIANTORG,138277124
2021-04-19,DRREDDY,128031748
2021-04-19,RALLIS,128090884
2021-04-19,NOVARTIND,128172036
2021-04-19,WENDT,129385476
2021-04-19,ASTRAZEN,129745924
2021-04-19,DHANUKA,129975556
2021-04-19,GUFICBIO,130324228
2021-04-19,AVANTIFEED,2031617
2021-04-19,CCL,133017604
2021-04-19,DCAL,138419460
2021-04-19,ISEC,138541828
2021-04-19,ANGELONE,139068164
2021-04-19,WOCKPHARMA,136268804
2021-04-19,TV18BRDCST,136396804
2021-04-19,RTNINDIA,136856836
2021-04-19,SYNGENE,138052612
2021-04-19,ICICIPRULI,138274052
2021-04-26,BAJFINANCE,128008708
2021-04-26,BANCOINDIA,128009988
2021-04-26,CHENNPETRO,128028164
2021-04-26,EIDPARRY,128032004
2021-04-26,FOSECOIND,128038404
2021-04-26,TIRUMALCHM,128105476
2021-04-26,FEDERALBNK,128120068
2021-04-26,EXCELINDUS,128166404
2021-04-26,NOVARTIND,128172036
2021-04-26,ASTRAZEN,129745924
2021-04-26,DHANUKA,129975556
2021-04-26,AVTNPL,132890884
2021-04-26,JAYBARMARU,133136900
2021-04-26,DCAL,138419460
2021-04-26,ISEC,138541828
2021-04-26,AXISBANK,136247044
2021-04-26,ACCELYA,136260612
2021-04-26,WOCKPHARMA,136268804
2021-04-26,TVSMOTOR,136279812
2021-04-26,TTML,136286980
2021-04-26,BFUTILITIE,136302084
2021-04-26,UBL,136314372
2021-04-26,GOKEX,136353284
2021-04-26,SUNTV,136379652
2021-04-26,CIEINDIA,136385540
2021-04-26,FIEMIND,136388612
2021-04-26,NETWORK18,136396292
2021-04-26,TRIL,136429572
2021-04-26,BAJAJ-AUTO,136442116
2021-04-26,BFINVEST,136525572
2021-04-26,CARERATING,136909828
2021-04-26,SATIA,138035460
2021-04-26,ICICIPRULI,138274052
2021-05-03,BAJFINANCE,128008708
2021-05-03,BANCOINDIA,128009988
2021-05-03,CESC,128021508
2021-05-03,MADRASFERT,151074308
2021-05-03,FOSECOIND,128038404
2021-05-03,KANSAINER,128042244
2021-05-03,MAHSEAMLES,128067844
2021-05-03,TIRUMALCHM,128105476
2021-05-03,TORNTPHARM,128107524
2021-05-03,FEDERALBNK,128120068
2021-05-03,SIYSIL,128975620
2021-05-03,BAYERCROP,129608964
2021-05-03,HIMATSEIDE,131595012
2021-05-03,AVTNPL,132890884
2021-05-03,JAYBARMARU,133136900
2021-05-03,ICIL,133380100
2021-05-03,JITFINFRA,138319620
2021-05-03,LAOPALA,134898436
2021-05-03,MIDHANI,138545924
2021-05-03,KRBL,135888132
2021-05-03,PATELENG,135966724
2021-05-03,GMDCLTD,136238340
2021-05-03,AXISBANK,136247044
2021-05-03,GEOJITFSL,136264964
2021-05-03,TVSMOTOR,136279812
2021-05-03,UBL,136314372
2021-05-03,ISMTLTD,136314628
2021-05-03,CIEINDIA,136385540
2021-05-03,INDIANB,136400388
2021-05-03,DISHTV,136406788
2021-05-03,MOTILALOFS,136420356
2021-05-03,BAJAJ-AUTO,136442116
2021-05-03,KICL,136525316
2021-05-03,BFINVEST,136525572
2021-05-03,QUESS,138234372
2021-05-10,BOMDYEING,128005124
2021-05-10,CHAMBLFERT,128021764
2021-05-10,HCC,128047364
2021-05-10,RAYMOND,128084484
2021-05-10,TORNTPHARM,128107524
2021-05-10,GLAXO,128168964
2021-05-10,BBTC,128364804
2021-05-10,ANDHRAPAP,128596484
2021-05-10,JAICORPLTD,131132676
2021-05-10,AJMERA,131417348
2021-05-10,GIPCL,132428804
2021-05-10,GET&D,133702404
2021-05-10,VENKEYS,961793
2021-05-10,RIIL,134001924
2021-05-10,NACLIND,134325508
2021-05-10,MASFIN,138431748
2021-05-10,BDL,138532612
2021-05-10,KRBL,135888132
2021-05-10,IOC,135927044
2021-05-10,PATELENG,135966724
2021-05-10,ANUP,138869764
2021-05-10,BORORENEW,128568068
2021-05-10,BANKBARODA,136226308
2021-05-10,ENGINERSIN,136237572
2021-05-10,J&KBANK,136245508
2021-05-10,SOUTHBANK,136247812
2021-05-10,GODREJCP,136300548
2021-05-10,VOLTAMP,136385796
2021-05-10,DISHTV,136406788
2021-05-10,SEPC,136433924
2021-05-10,RTNPOWER,136479236
2021-05-10,SJVN,136500740
2021-05-10,COALINDIA,136519172
2021-05-10,TEXRAIL,136531460
2021-05-17,BOMDYEING,128005124
2021-05-17,BATAINDIA,128011012
2021-05-17,CHAMBLFERT,128021764
2021-05-17,TITAN,128029188
2021-05-17,ESABINDIA,128034052
2021-05-17,FINCABLES,128036868
2021-05-17,HCC,128047364
2021-05-17,JISLJALEQS,128056068
2021-05-17,LT,128130564
2021-05-17,M&M,128133124
2021-05-17,BOSCHLTD,128135684
2021-05-17,COLPAL,128212484
2021-05-17,EIHOTEL,128215044
2021-05-17,INDHOTEL,128217604
2021-05-17,AUTOAXLES,129282564
2021-05-17,GABRIEL,129462788
2021-05-17,COROMANDEL,129637124
2021-05-17,VIPIND,130017284
2021-05-17,TVSSRICHAK,130366212
2021-05-17,BERGEPAINT,130426884
2021-05-17,SHALPAINTS,130527748
2021-05-17,AJMERA,131417348
2021-05-17,CENTUM,132491268
2021-05-17,JTEKTINDIA,133134596
2021-05-17,ALOKINDS,4524801
2021-05-17,KITEX,133439492
2021-05-17,HONDAPOWER,133648388
2021-05-17,EIHAHOTELS,133920516
2021-05-17,HUDCO,138375684
2021-05-17,SIS,138412292
2021-05-17,MASFIN,138431748
2021-05-17,APOLLO,138465028
2021-05-17,BDL,138532612
2021-05-17,SANDHAR,138537732
2021-05-17,VARROC,138643972
2021-05-17,ANUP,138869764
2021-05-17,BORORENEW,128568068
2021-05-17,BANKBARODA,136226308
2021-05-17,J&KBANK,136245508
2021-05-17,TAJGVK,136291844
2021-05-17,GODREJCP,136300548
2021-05-17,MCDOWELL-N,2674433
2021-05-17,ASTRAMICRO,136318212
2021-05-17,AIAENG,136366852
2021-05-17,VOLTAMP,136385796
2021-05-17,PURVA,136420100
2021-05-17,BRIGADE,136429828
2021-05-17,TITAGARH,136439300
2021-05-17,DLINKINDIA,136485380
2021-05-17,DBCORP,136486660
2021-05-17,GREENPOWER,136515332
2021-05-17,JWL,136517636
2021-05-17,SUMMITSEC,136526340
2021-05-17,TEXRAIL,136531460
2021-05-17,MUTHOOTFIN,136549892
2021-05-17,RUPA,136589316
2021-05-17,MCX,136727300
2021-05-17,RBA,139071492
2021-05-17,IBULHSGFIN,137161988
2021-05-17,IMAGICAA,137998340
2021-05-17,ARVSMART,138061060
2021-05-17,NH,138125060
2021-05-17,BLS,138258692
2021-05-17,LTTS,138269444
2021-05-17,ENDURANCE,138279172
2021-05-17,PNBHOUSING,138284292
2021-05-24,BATAINDIA,128011012
2021-05-24,EXIDEIND,128022020
2021-05-24,TITAN,128029188
2021-05-24,GOODYEAR,128043012
2021-05-24,LGBBROSLTD,128064004
2021-05-24,MAHSCOOTER,128068100
2021-05-24,SPICEJET,128072964
2021-05-24,M&M,128133124
2021-05-24,BOSCHLTD,128135684
2021-05-24,AKZOINDIA,128181764
2021-05-24,EIHOTEL,128215044
2021-05-24,APOLLOTYRE,128224516
2021-05-24,PHOENIXLTD,128793604
2021-05-24,EICHERMOT,129331204
2021-05-24,NESCO,129370884
2021-05-24,WESTLIFE,129416452
2021-05-24,ZEEL,129417476
2021-05-24,GABRIEL,129462788
2021-05-24,GILLETTE,130000644
2021-05-24,VIPIND,130017284
2021-05-24,TVSSRICHAK,130366212
2021-05-24,KOKUYOCMLN,133940996
2021-05-24,JMFINANCIL,133991684
2021-05-24,SEAMECLTD,134862596
2021-05-24,APOLLO,138465028
2021-05-24,SANDHAR,138537732
2021-05-24,HDFCAMC,138682628
2021-05-24,STERTOOLS,135874308
2021-05-24,VSTTILLERS,136004100
2021-05-24,CHALET,138854148
2021-05-24,GEPIL,136271108
2021-05-24,KEC,136374788
2021-05-24,ACE,136387076
2021-05-24,DELTACORP,136409092
2021-05-24,DLF,136414212
2021-05-24,BRIGADE,136429828
2021-05-24,TITAGARH,136439300
2021-05-24,GREENPOWER,136515332
2021-05-24,JWL,136517636
2021-05-24,SUMMITSEC,136526340
2021-05-24,RBA,139071492
2021-05-24,PCJEWELLER,136911108
2021-05-24,IBULHSGFIN,137161988
2021-05-24,WONDERLA,137796612
2021-05-24,IMAGICAA,137998340
2021-05-24,ARVSMART,138061060
2021-05-24,CROMPTON,138208260
2021-05-24,BLS,138258692
2021-05-24,ENDURANCE,138279172
2021-05-31,EXIDEIND,128022020
2021-05-31,KANSAINER,128042244
2021-05-31,ZEEL,129417476
2021-05-31,GILLETTE,130000644
2021-05-31,HUHTAMAKI,130513924
2021-05-31,VSTIND,130551300
2021-05-31,KOKUYOCMLN,133940996
2021-05-31,JMFINANCIL,133991684
2021-05-31,HDFCAMC,138682628
2021-05-31,CREDITACC,138693124
2021-05-31,STERTOOLS,135874308
2021-05-31,GEPIL,136271108
2021-05-31,DLF,136414212
2021-05-31,EDELWEISS,136428036
2021-05-31,GLOBUSSPR,136474628
2021-05-31,GODREJPROP,136486404
2021-05-31,CANTABIL,136516356
2021-05-31,PRESTIGE,136518148
2021-05-31,L&TFH,136580868
2021-06-07,TATACOMM,128123652
2021-06-07,BRITANNIA,128211204
2021-06-07,MARATHON,128793860
2021-06-07,SMLISUZU,129329156
2021-06-07,IFBIND,129465860
2021-06-07,VSTIND,130551300
2021-06-07,PSPPROJECT,138379268
2021-06-07,SUNDARMHLD,558849
2021-06-07,UJJIVANSFB,138983428
2021-06-07,DEEPINDS,842753
2021-06-07,IDEA,136402436
2021-06-07,ASHOKA,136517380
2021-06-07,PRESTIGE,136518148
2021-06-07,L&TFH,136580868
2021-06-07,HEMIPROP,139069956
2021-06-14,NAUKRI,136390916
2021-06-14,IDEA,136402436
2021-06-14,ASHOKA,136517380
2021-06-28,LAXMIMACH,128064516
2021-06-28,LINDEINDIA,134004996
2021-06-28,MSTCLTD,2395137
2021-06-28,SWSOLAR,138946564
2021-07-05,LAXMIMACH,128064516
2021-07-05,LINDEINDIA,134004996
2021-07-05,AUBANK,138396420
2021-07-05,MSTCLTD,2395137
2021-07-05,SWSOLAR,138946564
2021-07-05,GRANULES,136315396
2021-07-05,DBL,138252036
2021-07-12,BLUESTARCO,128017156
2021-07-12,SANOFI,128172548
2021-07-12,CEATLTD,128224772
2021-07-12,HONAUT,132396548
2021-07-12,AUBANK,138396420
2021-07-12,ABCAPITAL,138416900
2021-07-12,IDEA,136402436
2021-07-12,DHANI,136437764
2021-07-19,SCI,134041092
2021-07-19,PAISALO,136422404
2021-07-19,DHANI,136437764
2021-07-26,SUVENPHAR,139024388
2021-07-26,VAIBHAVGBL,136231940
2021-08-02,HDFCBANK,128046084
2021-08-02,KOTAKBANK,128063236
2021-08-02,BRITANNIA,128211204
2021-08-02,TIINDIA,138435076
2021-08-09,HDFCBANK,128046084
2021-08-09,KOTAKBANK,128063236
2021-08-09,ESCORTS,128126724
2021-08-09,HINDUNILVR,128178180
2021-08-09,BRITANNIA,128211204
2021-08-09,GAIL,136231684
2021-08-16,M&M,128133124
2021-08-23,BAJAJELEC,128007940
2021-08-23,PGHH,128117508
2021-08-23,SUDARSCHEM,129703684
2021-08-23,ICICIGI,138423300
2021-08-23,NIACL,138436868
2021-08-23,EKC,136367108
2021-08-23,INDIGOPNTS,139074052
2021-08-30,SUNDARMFIN,151058180
2021-08-30,EXIDEIND,128022020
2021-08-30,HINDZINC,128048132
2021-08-30,WHIRLPOOL,128060932
2021-08-30,KOTAKBANK,128063236
2021-08-30,SHREECEM,128099076
2021-08-30,PGHH,128117508
2021-08-30,VOLTAS,128147204
2021-08-30,IFBIND,129465860
2021-08-30,SUPREMEIND,130542084
2021-08-30,HNDFDS,132896260
2021-08-30,DIXON,138418948
2021-08-30,HDFCLIFE,138438916
2021-08-30,NIACL,138436868
2021-08-30,ADANIGREEN,138611204
2021-08-30,FINEORG,138638596
2021-08-30,CREDITACC,138693124
2021-08-30,ATGL,138768900
2021-08-30,INDIAMART,138937860
2021-08-30,PETRONET,136325636
2021-08-30,M&MFIN,136376324
2021-08-30,PAISALO,136422404
2021-08-30,ADANIPOWER,136472580
2021-08-30,INDIGOPNTS,139074052
2021-08-30,PCJEWELLER,136911108
2021-08-30,ADANITRANS,138049028
2021-08-30,SHK,138099204
2021-09-06,BLUESTARCO,128017156
2021-09-06,WHIRLPOOL,128060932
2021-09-06,KOTAKBANK,128063236
2021-09-06,SHREECEM,128099076
2021-09-06,ASHOKLEY,128122116
2021-09-06,VOLTAS,128147204
2021-09-06,IFBIND,129465860
2021-09-06,HNDFDS,132896260
2021-09-06,ALOKINDS,4524801
2021-09-06,DIXON,138418948
2021-09-06,FILATEX,134714116
2021-09-06,ADANIGREEN,138611204
2021-09-06,FINEORG,138638596
2021-09-06,RVNL,138918148
2021-09-06,INDIAMART,138937860
2021-09-06,AFFLE,138944516
2021-09-06,LIKHITHA,139069444
2021-09-06,UCOBANK,136321284
2021-09-06,M&MFIN,136376324
2021-09-06,DISHTV,136406788
2021-09-06,VGUARD,136435972
2021-09-06,ADANIPOWER,136472580
2021-09-06,CANTABIL,136516356
2021-09-06,COALINDIA,136519172
2021-09-06,PCJEWELLER,136911108
2021-09-06,SHK,138099204
2021-09-13,TATAMTRDVR,145920260
2021-09-13,BANARISUG,128010500
2021-09-13,BLUESTARCO,128017156
2021-09-13,IFCI,128027140
2021-09-13,HEROMOTOCO,128046596
2021-09-13,SPICEJET,128072964
2021-09-13,BOSCHLTD,128135684
2021-09-13,BOROLTD,139062276
2021-09-13,ZEEL,129417476
2021-09-13,HONAUT,132396548
2021-09-13,SYMPHONY,132450564
2021-09-13,BALMLAWRIE,133969668
2021-09-13,JCHAC,133989892
2021-09-13,PNB,136310020
2021-09-13,UCOBANK,136321284
2021-09-13,YESBANK,136357892
2021-09-13,GPIL,136379908
2021-09-13,INDIANB,136400388
2021-09-13,CANTABIL,136516356
2021-09-20,TATAMTRDVR,145920260
2021-09-20,FACT,151046148
2021-09-20,BANARISUG,128010500
2021-09-20,DCW,128029956
2021-09-20,EPL,128034564
2021-09-20,MADRASFERT,151074308
2021-09-20,HSCL,128047108
2021-09-20,SPICEJET,128072964
2021-09-20,BOSCHLTD,128135684
2021-09-20,GNFC,128171524
2021-09-20,GSFC,128176644
2021-09-20,RCF,134202884
2021-09-20,SUVEN,135741188
2021-09-20,NUCLEUS,135989508
2021-09-20,YESBANK,136357892
2021-09-20,PGEL,136596740
2021-09-20,DBL,138252036
2021-09-27,BHEL,128026372
2021-09-27,MRPL,128027908
2021-09-27,CHENNPETRO,128028164
2021-09-27,KIRLOSBROS,128061700
2021-09-27,M&M,128133124
2021-09-27,ITI,134044164
2021-09-27,RCF,134202884
2021-09-27,WELCORP,136228868
2021-09-27,ENGINERSIN,136237572
2021-09-27,PNB,136310020
2021-09-27,UNIONBANK,136314116
2021-09-27,MARUTI,136320004
2021-09-27,WELENT,136333572
2021-09-27,GPIL,136379908
2021-09-27,TANLA,136394244
2021-09-27,GPPL,136511492
2021-09-27,PFS,136536068
2021-09-27,L&TFH,136580868
2021-09-27,IRFC,139073796
2021-10-04,BHEL,128026372
2021-10-04,MRPL,128027908
2021-10-04,CHENNPETRO,128028164
2021-10-04,PGHL,128032260
2021-10-04,HMT,128048900
2021-10-04,RALLIS,128090884
2021-10-04,FEDERALBNK,128120068
2021-10-04,ANDHRAPAP,128596484
2021-10-04,UNIVCABLES,129078276
2021-10-04,COROMANDEL,129637124
2021-10-04,ITDCEM,130430980
2021-10-04,GIPCL,132428804
2021-10-04,MOTHERSON,132437508
2021-10-04,JAYNECOIND,133704964
2021-10-04,SANGHVIMOV,135698692
2021-10-04,BANDHANBNK,138535172
2021-10-04,MIDHANI,138545924
2021-10-04,WELCORP,136228868
2021-10-04,ENGINERSIN,136237572
2021-10-04,CUB,136245764
2021-10-04,JINDALSTEL,136265220
2021-10-04,AXISCADES,136293124
2021-10-04,PNB,136310020
2021-10-04,UNIONBANK,136314116
2021-10-04,MARUTI,136320004
2021-10-04,JPPOWER,136352516
2021-10-04,SUZLON,136362756
2021-10-04,TANLA,136394244
2021-10-04,TRIL,136429572
2021-10-04,KUANTUM,136431876
2021-10-04,DHANI,136437764
2021-10-04,GPPL,136511492
2021-10-04,RAMKY,136515076
2021-10-04,ASHOKA,136517380
2021-10-04,PFS,136536068
2021-10-04,L&TFH,136580868
2021-10-04,IRFC,139073796
2021-10-04,RAILTEL,139075844
2021-10-04,PARAGMILK,138211588
2021-10-11,PGHL,128032260
2021-10-11,HINDZINC,128048132
2021-10-11,HMT,128048900
2021-10-11,RALLIS,128090884
2021-10-11,CENTRUM,128294404
2021-10-11,AUTOAXLES,129282564
2021-10-11,GMMPFAUDLR,401921
2021-10-11,PRAKASH,129541636
2021-10-11,COROMANDEL,129637124
2021-10-11,SDBL,129923588
2021-10-11,ITDCEM,130430980
2021-10-11,KPIL,133705476
2021-10-11,DREDGECORP,134046212
2021-10-11,KIOCL,138414084
2021-10-11,GREENPLY,134860036
2021-10-11,BANDHANBNK,138535172
2021-10-11,MIDHANI,138545924
2021-10-11,SHAKTIPUMP,136046340
2021-10-11,TVSMOTOR,136279812
2021-10-11,JPPOWER,136352516
2021-10-11,SUZLON,136362756
2021-10-11,TRIL,136429572
2021-10-11,BAJAJ-AUTO,136442116
2021-10-11,ADANIPOWER,136472580
2021-10-11,DEN,136483076
2021-10-11,HATHWAY,136489476
2021-10-11,ASHOKA,136517380
2021-10-11,INFIBEAM,138190596
2021-10-11,PARAGMILK,138211588
2021-10-18,AGI,128047876
2021-10-18,SHRIRAMFIN,130871812
2021-10-18,KPIL,133705476
2021-10-18,GREENPLY,134860036
2021-10-18,SUNDARMHLD,558849
2021-10-18,TVSMOTOR,136279812
2021-10-18,MAHABANK,136326404
2021-10-25,AGI,128047876
2021-10-25,RAMCOCEM,128066564
2021-10-25,JAGSNPHARM,129993988
2021-10-25,HIKAL,134332164
2021-10-25,TVTODAY,136323844
2021-11-01,DABUR,128024580
2021-11-01,LICHSGFIN,128064772
2021-11-01,GLAXO,128168964
2021-11-01,GATI,136280324
2021-11-01,APLAPOLLO,136642052
2021-11-01,INTELLECT,137941764
2021-11-01,LUXIND,138122756
2021-11-08,NIITLTD,128077828
2021-11-08,PRSMJOHNSN,128086532
2021-11-08,GLAXO,128168964
2021-11-08,EICHERMOT,129331204
2021-11-08,UPL,131089924
2021-11-08,ELGIEQUIP,133650948
2021-11-08,GAEL,134201860
2021-11-08,AVADHSUGAR,138406148
2021-11-08,COCHINSHIP,138413572
2021-11-08,MAHLOG,138436612
2021-11-08,THEMISMED,135730948
2021-11-08,GATI,136280324
2021-11-08,TRIL,136429572
2021-11-08,JAIBALAJI,136441860
2021-11-08,ASTEC,136483332
2021-11-08,MOIL,136521220
2021-11-08,RTNINDIA,136856836
2021-11-08,SHARDAMOTR,2695681
2021-11-08,INTELLECT,137941764
2021-11-08,LUXIND,138122756
2021-11-15,SPICEJET,128072964
2021-11-15,NIITLTD,128077828
2021-11-15,GREAVESCOT,128372484
2021-11-15,SHALPAINTS,130527748
2021-11-15,LUMAXIND,132404740
2021-11-15,ONWARDTEC,132489220
2021-11-15,VESUVIUS,133148932
2021-11-15,ELGIEQUIP,133650948
2021-11-15,SIS,138412292
2021-11-15,NRBBEARING,135773956
2021-11-15,PGIL,136398852
2021-11-15,FORTIS,136407812
2021-11-15,WABAG,136516868
2021-11-15,MOIL,136521220
2021-11-15,SHARDAMOTR,2695681
2021-11-22,CIPLA,128022276
2021-11-22,TORNTPHARM,128107524
2021-11-22,GREAVESCOT,128372484
2021-11-22,ASTRAZEN,129745924
2021-11-22,SHALPAINTS,130527748
2021-11-22,ONWARDTEC,132489220
2021-11-22,RIIL,134001924
2021-11-22,POLYMED,136132612
2021-11-22,PGIL,136398852
2021-11-22,IMFA,136460036
2021-11-22,APLLTD,136594692
2021-11-22,IBULHSGFIN,137161988
2021-11-29,PENINLAND,128775940
2021-11-29,MASTEK,134068228
2021-11-29,NEULANDLAB,134286852
2021-11-29,ABCAPITAL,138416900
2021-11-29,POLYMED,136132612
2021-11-29,RAMCOSYS,136286724
2021-11-29,RAMKY,136515076
2021-11-29,APLLTD,136594692
2021-11-29,IBULHSGFIN,137161988
2021-11-29,SATIN,138087428
2021-12-06,ELECTCAST,128032772
2021-12-06,INDORAMA,128052996
2021-12-06,MOREPENLAB,128073732
2021-12-06,TATACOMM,128123652
2021-12-06,RANEHOLDIN,129484804
2021-12-06,TTKHLTCARE,2910465
2021-12-06,GUFICBIO,130324228
2021-12-06,JAICORPLTD,131132676
2021-12-06,MMTC,131424516
2021-12-06,HNDFDS,132896260
2021-12-06,PRAJIND,133684484
2021-12-06,BCLIND,643329
2021-12-06,NEWGEN,138470404
2021-12-06,PRIVISCL,135709956
2021-12-06,UGARSUGAR,135772932
2021-12-06,BSHSL,207105
2021-12-06,PARACABLES,135822084
2021-12-06,PNBGILTS,136285700
2021-12-06,RAMCOSYS,136286724
2021-12-06,IOB,136291332
2021-12-06,GRANULES,136315396
2021-12-06,WELENT,136333572
2021-12-06,RENUKA,136363524
2021-12-06,BLKASHYAP,136376068
2021-12-06,DLINKINDIA,136485380
2021-12-13,BOMDYEING,128005124
2021-12-13,BAJAJELEC,128007940
2021-12-13,PIDILITIND,128084740
2021-12-13,MARATHON,128793860
2021-12-13,SWANENERGY,128847364
2021-12-13,ZENSARTECH,129041156
2021-12-13,EVERESTIND,130279940
2021-12-13,KIOCL,138414084
2021-12-13,NACLIND,134325508
2021-12-13,CAPACITE,138421764
2021-12-13,PRIVISCL,135709956
2021-12-13,UGARSUGAR,135772932
2021-12-13,ARTEMISMED,138987268
2021-12-13,AXISCADES,136293124
2021-12-13,BLKASHYAP,136376068
2021-12-13,DAAWAT,136392452
2021-12-13,ECLERX,136429316
2021-12-13,TRIL,136429572
2021-12-13,DLINKINDIA,136485380
2021-12-13,RHIM,136723460
2021-12-13,HPL,138274820
2021-12-20,BAJAJELEC,128007940
2021-12-20,ANDHRSUGAR,151055876
2021-12-20,SWANENERGY,128847364
2021-12-20,ZENSARTECH,129041156
2021-12-20,VAKRANGEE,130926340
2021-12-20,KINGFA,134148868
2021-12-20,KIOCL,138414084
2021-12-20,HESTERBIO,134315268
2021-12-20,APOLLO,138465028
2021-12-20,DAAWAT,136392452
2021-12-27,BAJAJHIND,128008196
2021-12-27,BALRAMCHIN,128009732
2021-12-27,CIPLA,128022276
2021-12-27,ELECTCAST,128032772
2021-12-27,HMT,128048900
2021-12-27,LUPIN,128065796
2021-12-27,PEL,128077316
2021-12-27,RAIN,128086788
2021-12-27,UNIENTER,2891009
2021-12-27,UNIVCABLES,129078276
2021-12-27,PCBL,129687044
2021-12-27,JBCHEPHARM,129777412
2021-12-27,DHANUKA,129975556
2021-12-27,HONAUT,132396548
2021-12-27,AVADHSUGAR,138406148
2021-12-27,SUNPHARMA,134327044
2021-12-27,CAPLIPOINT,999937
2021-12-27,NATCOPHARM,134352900
2021-12-27,ANDREWYU,134700292
2021-12-27,IFGLEXPOR,138438148
2021-12-27,NUCLEUS,135989508
2021-12-27,HCLTECH,136263940
2021-12-27,TATACOFFEE,136269060
2021-12-27,AJANTPHARM,136276740
2021-12-27,RML,136361220
2021-12-27,SASKEN,136361732
2021-12-27,SPARC,136415236
2021-12-27,REFEX,136418308
2021-12-27,KSCL,136422148
2021-12-27,TEXRAIL,136531460
2021-12-27,NBCC,136783108
2022-01-03,ATUL,128006916
2022-01-03,BAJAJHIND,128008196
2022-01-03,BAJFINANCE,128008708
2022-01-03,BALRAMCHIN,128009732
2022-01-03,KCP,151056900
2022-01-03,DALMIASUG,128024836
2022-01-03,ORISSAMINE,151062020
2022-01-03,DCW,128029956
2022-01-03,DHAMPURSUG,128030468
2022-01-03,MADRASFERT,151074308
2022-01-03,HMT,128048900
2022-01-03,KIRLOSBROS,128061700
2022-01-03,GRASIM,128076804
2022-01-03,RAIN,128086788
2022-01-03,UNIENTER,2891009
2022-01-03,FEDERALBNK,128120068
2022-01-03,DEEPAKFERT,128165124
2022-01-03,SAGCEM,128535044
2022-01-03,SHREDIGCEM,128558084
2022-01-03,UNIVCABLES,129078276
2022-01-03,GRAUWEIL,129461764
2022-01-03,ALEMBICLTD,129596164
2022-01-03,ALKYLAMINE,129732356
2022-01-03,JINDRILL,130824708
2022-01-03,TATASTLLP,131330564
2022-01-03,VINDHYATEL,132355844
2022-01-03,HONAUT,132396548
2022-01-03,RAJRATAN,4854273
2022-01-03,PRAJIND,133684484
2022-01-03,GET&D,133702404
2022-01-03,BALMLAWRIE,133969668
2022-01-03,NFL,134049284
2022-01-03,RCF,134202884
2022-01-03,AUBANK,138396420
2022-01-03,STARCEMENT,138387204
2022-01-03,NATCOPHARM,134352900
2022-01-03,PANAMAPET,134353924
2022-01-03,FILATEX,134714116
2022-01-03,BLUEDART,134812676
2022-01-03,JASH,3579393
2022-01-03,5PAISA,138438660
2022-01-03,IFGLEXPOR,138438148
2022-01-03,MANGCHEFER,135682820
2022-01-03,THEMISMED,135730948
2022-01-03,AAVAS,138748932
2022-01-03,NUCLEUS,135989508
2022-01-03,SHAKTIPUMP,136046340
2022-01-03,UJJIVANSFB,138983428
2022-01-03,GEOJITFSL,136264964
2022-01-03,TATACOFFEE,136269060
2022-01-03,MAHLIFE,136272132
2022-01-03,DATAMATICS,136327172
2022-01-03,NTPC,136334084
2022-01-03,SPARC,136415236
2022-01-03,ONMOBILE,136433668
2022-01-03,TITAGARH,136439300
2022-01-03,BAJAJFINSV,136442372
2022-01-03,OIL,136475140
2022-01-03,ROSSELLIND,136491012
2022-01-03,ASHOKA,136517380
2022-01-03,TEXRAIL,136531460
2022-01-03,PFS,136536068
2022-01-03,RUPA,136589316
2022-01-03,NBCC,136783108
2022-01-03,VSSL,136804356
2022-01-03,SATIA,138035460
2022-01-03,BHARATWIRE,138188548
2022-01-10,ATUL,128006916
2022-01-10,BEPL,128013316
2022-01-10,WHEELS,151058692
2022-01-10,DALMIASUG,128024836
2022-01-10,ORISSAMINE,151062020
2022-01-10,GHCL,128043780
2022-01-10,HSCL,128047108
2022-01-10,AGI,128047876
2022-01-10,KIRLOSBROS,128061700
2022-01-10,KIRLOSIND,128062212
2022-01-10,MANALIPETC,128068612
2022-01-10,MFSL,128069380
2022-01-10,NCC,128075268
2022-01-10,GRASIM,128076804
2022-01-10,ACC,128104964
2022-01-10,TIRUMALCHM,128105476
2022-01-10,FEDERALBNK,128120068
2022-01-10,DEEPAKFERT,128165124
2022-01-10,TATAINVEST,128333060
2022-01-10,SHREDIGCEM,128558084
2022-01-10,EICHERMOT,129331204
2022-01-10,GRAUWEIL,129461764
2022-01-10,ALKYLAMINE,129732356
2022-01-10,COSMOFIRST,130256388
2022-01-10,GIPCL,132428804
2022-01-10,RAJRATAN,4854273
2022-01-10,RICOAUTO,133122052
2022-01-10,SHANTIGEAR,133640708
2022-01-10,VENKEYS,961793
2022-01-10,BALMLAWRIE,133969668
2022-01-10,DCMSHRIRAM,133981956
2022-01-10,NILKAMAL,133986564
2022-01-10,NFL,134049284
2022-01-10,AUBANK,138396420
2022-01-10,TEJASNET,138392324
2022-01-10,FILATEX,134714116
2022-01-10,GOLDIAM,134842628
2022-01-10,JASH,3579393
2022-01-10,SUVEN,135741188
2022-01-10,BANDHANBNK,138535172
2022-01-10,HAL,138535428
2022-01-10,INDOSTAR,138582020
2022-01-10,MSTCLTD,2395137
2022-01-10,IIFLSEC,138949892
2022-01-10,UJJIVANSFB,138983428
2022-01-10,SUVENPHAR,139024388
2022-01-10,ANGELONE,139068164
2022-01-10,J&KBANK,136245508
2022-01-10,NSIL,136257540
2022-01-10,MAHLIFE,136272132
2022-01-10,TAJGVK,136291844
2022-01-10,MPSLTD,136304644
2022-01-10,RKFORGE,136326916
2022-01-10,WELENT,136333572
2022-01-10,NTPC,136334084
2022-01-10,PVRINOX,136368388
2022-01-10,CAMLINFINE,136405508
2022-01-10,ONMOBILE,136433668
2022-01-10,BAJAJFINSV,136442372
2022-01-10,JUBLFOOD,136487684
2022-01-10,HATHWAY,136489476
2022-01-10,ROSSELLIND,136491012
2022-01-10,SCHNEIDER,136739588
2022-01-10,LXCHEM,139078916
2022-01-10,GRINFRA,139089156
2022-01-10,SATIA,138035460
2022-01-10,VBL,138286084
2022-01-17,BASF,128010756
2022-01-17,BATAINDIA,128011012
2022-01-17,EXIDEIND,128022020
2022-01-17,WHEELS,151058692
2022-01-17,GHCL,128043780
2022-01-17,HEROMOTOCO,128046596
2022-01-17,HSCL,128047108
2022-01-17,SUNFLAG,128103428
2022-01-17,KESORAMIND,128751876
2022-01-17,CHOLAHLDNG,129273092
2022-01-17,SHANTIGEAR,133640708
2022-01-17,KPIL,133705476
2022-01-17,SIS,138412292
2022-01-17,CONFIPET,134868228
2022-01-17,BANDHANBNK,138535172
2022-01-17,HAL,138535428
2022-01-17,ARVINDFASN,138875908
2022-01-17,SUVENPHAR,139024388
2022-01-17,JKPAPER,136233476
2022-01-17,NSIL,136257540
2022-01-17,PVRINOX,136368388
2022-01-17,JKIL,136432644
2022-01-17,FAIRCHEMOR,139072516
2022-01-17,HERANBA,139076100
2022-01-17,VBL,138286084
2022-01-24,HEROMOTOCO,128046596
2022-01-24,CHOLAHLDNG,129273092
2022-01-24,KOKUYOCMLN,133940996
2022-01-24,SIS,138412292
2022-01-24,MFL,139092996
2022-01-31,WSTCSTPAPR,128113668
2022-01-31,VOLTAS,128147204
2022-01-31,ITC,128224004
2022-01-31,ANDHRAPAP,128596484
2022-01-31,SUDARSCHEM,129703684
2022-01-31,EIHAHOTELS,133920516
2022-01-31,TEJASNET,138392324
2022-01-31,MIDHANI,138545924
2022-01-31,LEMONTREE,138555652
2022-01-31,SUMICHEM,138987524
2022-01-31,BANKINDIA,136230148
2022-01-31,GPIL,136379908
2022-01-31,PFOCUS,136383492
2022-01-31,ACE,136387076
2022-01-31,INDIANB,136400388
2022-01-31,BAJAJ-AUTO,136442116
2022-01-31,LXCHEM,139078916
2022-01-31,TEAMLEASE,138152452
2022-02-07,LAURUSLABS,138296836
2022-02-07,MAITHANALL,151059972
2022-02-07,TATASTEEL,128120324
2022-02-07,EXCELINDUS,128166404
2022-02-07,ITC,128224004
2022-02-07,PRAKASH,129541636
2022-02-07,SUDARSCHEM,129703684
2022-02-07,EIHAHOTELS,133920516
2022-02-07,AUROPHARMA,134349828
2022-02-07,NMDC,134750980
2022-02-07,SEAMECLTD,134862596
2022-02-07,OPTIEMUS,135714564
2022-02-07,TNPL,136045060
2022-02-07,SUMICHEM,138987524
2022-02-07,DEN,136483076
2022-02-07,JSWENERGY,136485892
2022-02-07,SCHNEIDER,136739588
2022-02-07,WONDERLA,137796612
2022-02-07,INDIGO,138098692
2022-02-14,UFLEX,128037892
2022-02-14,PRAKASH,129541636
2022-02-14,RATNAMANI,133148420
2022-02-14,SEAMECLTD,134862596
2022-02-14,EVEREADY,136066052
2022-02-14,INDIGO,138098692
2022-02-21,GLOBUSSPR,136474628
2022-02-28,BEL,128012548
2022-02-28,ITC,128224004
2022-02-28,GAIL,136231684
2022-02-28,GLOBUSSPR,136474628
2022-03-07,BEL,128012548
2022-03-07,ESABINDIA,128034052
2022-03-07,INFY,128053508
2022-03-07,JSWSTEEL,128058372
2022-03-07,COLPAL,128212484
2022-03-07,ITC,128224004
2022-03-07,GRINDWELL,129555460
2022-03-07,SYMPHONY,132450564
2022-03-07,MASTEK,134068228
2022-03-07,CDSL,5420545
2022-03-07,OPTIEMUS,135714564
2022-03-07,TCNSBRANDS,138675204
2022-03-07,IOC,135927044
2022-03-07,GAIL,136231684
2022-03-07,SAREGAMA,136233732
2022-03-07,UNOMINDA,136329988
2022-03-07,POWERGRID,136421892
2022-03-07,ADANIPORTS,136427780
2022-03-07,IMFA,136460036
2022-03-07,ROSSELLIND,136491012
2022-03-07,KIMS,139086852
2022-03-07,INTELLECT,137941764
2022-03-14,SBIN,128028676
2022-03-14,ESABINDIA,128034052
2022-03-14,INFY,128053508
2022-03-14,JINDALPOLY,128058116
2022-03-14,RELIANCE,128083204
2022-03-14,PIDILITIND,128084740
2022-03-14,COLPAL,128212484
2022-03-14,EIHOTEL,128215044
2022-03-14,ORIENTPPR,128619524
2022-03-14,GRINDWELL,129555460
2022-03-14,UPL,131089924
2022-03-14,CARYSIL,134167300
2022-03-14,CDSL,5420545
2022-03-14,OPTIEMUS,135714564
2022-03-14,BANDHANBNK,138535172
2022-03-14,TCNSBRANDS,138675204
2022-03-14,IOC,135927044
2022-03-14,MARICO,136100356
2022-03-14,AXISBANK,136247044
2022-03-14,MCDOWELL-N,2674433
2022-03-14,UNOMINDA,136329988
2022-03-14,VOLTAMP,136385796
2022-03-14,KSCL,136422148
2022-03-14,JYOTHYLAB,136429060
2022-03-14,KIRIINDUS,136439556
2022-03-14,RPGLIFE,136443652
2022-03-14,IMFA,136460036
2022-03-14,VMART,136953860
2022-03-14,SHYAMMETL,139084548
2022-03-14,CHEMPLASTS,139094020
2022-03-14,INTELLECT,137941764
2022-03-21,BASF,128010756
2022-03-21,JINDALPOLY,128058116
2022-03-21,RELIANCE,128083204
2022-03-21,TIRUMALCHM,128105476
2022-03-21,EIHOTEL,128215044
2022-03-21,SAGCEM,128535044
2022-03-21,PHOENIXLTD,128793604
2022-03-21,PCBL,129687044
2022-03-21,UPL,131089924
2022-03-21,CARYSIL,134167300
2022-03-21,AUBANK,138396420
2022-03-21,SOTL,134314756
2022-03-21,AUROPHARMA,134349828
2022-03-21,BANDHANBNK,138535172
2022-03-21,BCG,136286212
2022-03-21,CONCOR,136024068
2022-03-21,TTML,136286980
2022-03-21,VOLTAMP,136385796
2022-03-21,DAAWAT,136392452
2022-03-21,AHLUCONT,136399620
2022-03-21,FORTIS,136407812
2022-03-21,JYOTHYLAB,136429060
2022-03-21,SHYAMMETL,139084548
2022-03-21,MOL,139092740
2022-03-21,CHEMPLASTS,139094020
2022-03-21,ALKEM,138117892
2022-03-28,BANARISUG,128010500
2022-03-28,FOSECOIND,128038404
2022-03-28,HDFCBANK,128046084
2022-03-28,BAJAJHLDNG,128125444
2022-03-28,NOCIL,128186884
2022-03-28,TATAINVEST,128333060
2022-03-28,SAGCEM,128535044
2022-03-28,NESCO,129370884
2022-03-28,ZEEL,129417476
2022-03-28,DEEPAKNTR,5105409
2022-03-28,PCBL,129687044
2022-03-28,PUNJABCHEM,129694212
2022-03-28,GMBREW,129916932
2022-03-28,VAKRANGEE,130926340
2022-03-28,KINGFA,134148868
2022-03-28,HESTERBIO,134315268
2022-03-28,AUROPHARMA,134349828
2022-03-28,GREENPLY,134860036
2022-03-28,ASTERDM,138489604
2022-03-28,SUVEN,135741188
2022-03-28,TECHNOE,138788100
2022-03-28,BCG,136286212
2022-03-28,CONCOR,136024068
2022-03-28,POLYMED,136132612
2022-03-28,WELCORP,136228868
2022-03-28,SAREGAMA,136233732
2022-03-28,TATACOFFEE,136269060
2022-03-28,TTML,136286980
2022-03-28,DATAMATICS,136327172
2022-03-28,BLKASHYAP,136376068
2022-03-28,SUNTV,136379652
2022-03-28,NETWORK18,136396292
2022-03-28,FORTIS,136407812
2022-03-28,PAISALO,136422404
2022-03-28,HOMEFIRST,139074308
2022-03-28,CRAFTSMAN,139078660
2022-03-28,MOL,139092740
2022-03-28,AMIORG,139097348
2022-03-28,ALKEM,138117892
2022-04-04,AMRUTANJAN,151041540
2022-04-04,BAJAJHIND,128008196
2022-04-04,BANARISUG,128010500
2022-04-04,BEML,128012292
2022-04-04,CESC,128021508
2022-04-04,MTNL,128027652
2022-04-04,MRPL,128027908
2022-04-04,SAIL,128028932
2022-04-04,IDBI,128029700
2022-04-04,DRREDDY,128031748
2022-04-04,FOSECOIND,128038404
2022-04-04,HFCL,128046852
2022-04-04,KSL,128060164
2022-04-04,LICHSGFIN,128064772
2022-04-04,MAHSCOOTER,128068100
2022-04-04,GRASIM,128076804
2022-04-04,RALLIS,128090884
2022-04-04,TATACOMM,128123652
2022-04-04,BAJAJHLDNG,128125444
2022-04-04,M&M,128133124
2022-04-04,NOCIL,128186884
2022-04-04,CEATLTD,128224772
2022-04-04,TATAINVEST,128333060
2022-04-04,SHREDIGCEM,128558084
2022-04-04,BOROLTD,139062276
2022-04-04,KESORAMIND,128751876
2022-04-04,PENINLAND,128775940
2022-04-04,NELCO,129052676
2022-04-04,UNIVCABLES,129078276
2022-04-04,EICHERMOT,129331204
2022-04-04,GMMPFAUDLR,401921
2022-04-04,ELECON,129459204
2022-04-04,GRAUWEIL,129461764
2022-04-04,RANEHOLDIN,129484804
2022-04-04,ALKYLAMINE,129732356
2022-04-04,ASTRAZEN,129745924
2022-04-04,DHANUKA,129975556
2022-04-04,SUNTECK,131117828
2022-04-04,TATAMETALI,131439108
2022-04-04,GIPCL,132428804
2022-04-04,HAVELLS,132442628
2022-04-04,ADFFOODS,132910852
2022-04-04,KPIL,133705476
2022-04-04,KOKUYOCMLN,133940996
2022-04-04,RIIL,134001924
2022-04-04,AARTIDRUGS,134233092
2022-04-04,VIMTALABS,134244868
2022-04-04,MARKSANS,134247428
2022-04-04,TEJASNET,138392324
2022-04-04,ANDREWYU,134700292
2022-04-04,GREENPLY,134860036
2022-04-04,LAOPALA,134898436
2022-04-04,JKTYRE,135681796
2022-04-04,APOLLO,138465028
2022-04-04,ASTERDM,138489604
2022-04-04,PARACABLES,135822084
2022-04-04,VARROC,138643972
2022-04-04,TECHNOE,138788100
2022-04-04,BALAMINES,135935748
2022-04-04,PATELENG,135966724
2022-04-04,MSTCLTD,2395137
2022-04-04,RVNL,138918148
2022-04-04,SWSOLAR,138946564
2022-04-04,POLYMED,136132612
2022-04-04,PRINCEPIPE,138984196
2022-04-04,WELCORP,136228868
2022-04-04,MAZDOCK,139068676
2022-04-04,ENGINERSIN,136237572
2022-04-04,CUB,136245764
2022-04-04,TATACOFFEE,136269060
2022-04-04,GATI,136280324
2022-04-04,BSOFT,136294404
2022-04-04,APTECHT,136313604
2022-04-04,ASTRAMICRO,136318212
2022-04-04,TVTODAY,136323844
2022-04-04,RKFORGE,136326916
2022-04-04,JPASSOCIAT,136328196
2022-04-04,IIFL,136354820
2022-04-04,YESBANK,136357892
2022-04-04,BLKASHYAP,136376068
2022-04-04,GALLANTT,136377860
2022-04-04,SUNTV,136379652
2022-04-04,DCBBANK,136389636
2022-04-04,DISHTV,136406788
2022-04-04,TIMETECHNO,136411140
2022-04-04,REFEX,136418308
2022-04-04,RELIGARE,136426244
2022-04-04,ONMOBILE,136433668
2022-04-04,VGUARD,136435972
2022-04-04,JAIBALAJI,136441860
2022-04-04,NHPC,136473092
2022-04-04,DEN,136483076
2022-04-04,KIRLOSENG,136523012
2022-04-04,KICL,136525316
2022-04-04,ZENTEC,136534788
2022-04-04,PFS,136536068
2022-04-04,EQUITASBNK,139070212
2022-04-04,VSSL,136804356
2022-04-04,PCJEWELLER,136911108
2022-04-04,KALYANKJIL,139079172
2022-04-04,AMIORG,139097348
2022-04-04,PARAS,139101956
2022-04-04,SHK,138099204
2022-04-04,PILANIINVS,138210052
2022-04-04,MGL,138228996
2022-04-04,HPL,138274820
2022-04-11,AMRUTANJAN,151041540
2022-04-11,BAJAJHIND,128008196
2022-04-11,CESC,128021508
2022-04-11,MRPL,128027908
2022-04-11,IDBI,128029700
2022-04-11,KSL,128060164
2022-04-11,LGBBROSLTD,128064004
2022-04-11,NCC,128075268
2022-04-11,GRASIM,128076804
2022-04-11,RALLIS,128090884
2022-04-11,ACC,128104964
2022-04-11,TATACOMM,128123652
2022-04-11,CEATLTD,128224772
2022-04-11,SHREDIGCEM,128558084
2022-04-11,PENINLAND,128775940
2022-04-11,SIYSIL,128975620
2022-04-11,CHOLAHLDNG,129273092
2022-04-11,ELECON,129459204
2022-04-11,RANEHOLDIN,129484804
2022-04-11,DHANUKA,129975556
2022-04-11,JAICORPLTD,131132676
2022-04-11,AJMERA,131417348
2022-04-11,TATAMETALI,131439108
2022-04-11,SANGAMIND,131643908
2022-04-11,GIPCL,132428804
2022-04-11,ADFFOODS,132910852
2022-04-11,KOKUYOCMLN,133940996
2022-04-11,BALMLAWRIE,133969668
2022-04-11,KOVAI,133970692
2022-04-11,JMFINANCIL,133991684
2022-04-11,SCI,134041092
2022-04-11,AARTIDRUGS,134233092
2022-04-11,VIMTALABS,134244868
2022-04-11,MARKSANS,134247428
2022-04-11,ANDREWYU,134700292
2022-04-11,JKTYRE,135681796
2022-04-11,SHALBY,138444036
2022-04-11,APOLLO,138465028
2022-04-11,HGINFRA,138500868
2022-04-11,SUNDARMHLD,558849
2022-04-11,BALAMINES,135935748
2022-04-11,MSTCLTD,2395137
2022-04-11,SPANDANA,138946308
2022-04-11,APOLLOPIPE,3676417
2022-04-11,PRINCEPIPE,138984196
2022-04-11,CUB,136245764
2022-04-11,TCI,136281348
2022-04-11,BFUTILITIE,136302084
2022-04-11,SUPRAJIT,136322308
2022-04-11,TVTODAY,136323844
2022-04-11,JPASSOCIAT,136328196
2022-04-11,IIFL,136354820
2022-04-11,YESBANK,136357892
2022-04-11,KTKBANK,136358916
2022-04-11,GALLANTT,136377860
2022-04-11,KKCL,136379396
2022-04-11,DCBBANK,136389636
2022-04-11,TORNTPOWER,136391428
2022-04-11,REDINGTON,136398084
2022-04-11,DISHTV,136406788
2022-04-11,TIMETECHNO,136411140
2022-04-11,REFEX,136418308
2022-04-11,ONMOBILE,136433668
2022-04-11,JAIBALAJI,136441860
2022-04-11,NHPC,136473092
2022-04-11,DEN,136483076
2022-04-11,WABAG,136516868
2022-04-11,BFINVEST,136525572
2022-04-11,SUMMITSEC,136526340
2022-04-11,RUPA,136589316
2022-04-11,VSSL,136804356
2022-04-11,KALYANKJIL,139079172
2022-04-11,JUSTDIAL,137125892
2022-04-11,IPL,139087620
2022-04-11,PARAS,139101956
2022-04-11,MONTECARLO,137942020
2022-04-11,ARVSMART,138061060
2022-04-11,SHK,138099204
2022-04-11,PILANIINVS,138210052
2022-04-11,HPL,138274820
2022-04-18,MOREPENLAB,128073732
2022-04-18,SANGAMIND,131643908
2022-04-18,HONDAPOWER,133648388
2022-04-18,GET&D,133702404
2022-04-18,NEULANDLAB,134286852
2022-04-18,SUNDARMHLD,558849
2022-04-18,STLTECH,136287748
2022-04-18,INSECTICID,136409860
2022-04-18,HERANBA,139076100
2022-04-25,ATFL,128055044
2022-04-25,SWARAJENG,128104196
2022-04-25,SHRIRAMFIN,130871812
2022-04-25,ELGIEQUIP,133650948
2022-04-25,GET&D,133702404
2022-04-25,GICRE,138433284
2022-04-25,VSTTILLERS,136004100
2022-04-25,RELIGARE,136426244
2022-04-25,RAMKY,136515076
2022-04-25,SANSERA,139099652
2022-05-02,ABB,128000516
2022-05-02,HEROMOTOCO,128046596
2022-05-02,SWARAJENG,128104196
2022-05-02,SHRIRAMFIN,130871812
2022-05-02,PNBGILTS,136285700
2022-05-02,PETRONET,136325636
2022-05-02,TARC,139071748
2022-05-02,POWERMECH,138061316
2022-05-09,ABB,128000516
2022-05-09,PNBGILTS,136285700
2022-05-16,DRREDDY,128031748
2022-05-16,LICHSGFIN,128064772
2022-05-16,BBOX,128118532
2022-05-16,ABBOTINDIA,128124932
2022-05-16,SIEMENS,128140804
2022-05-16,BRITANNIA,128211204
2022-05-16,AUTOAXLES,129282564
2022-05-16,EICHERMOT,129331204
2022-05-16,GMMPFAUDLR,401921
2022-05-16,ELGIEQUIP,133650948
2022-05-16,ERIS,138392580
2022-05-16,CAPLIPOINT,999937
2022-05-16,DATAMATICS,136327172
2022-05-16,APLLTD,136594692
2022-05-16,PDSL,137914884
2022-05-23,BANCOINDIA,128009988
2022-05-23,CIPLA,128022276
2022-05-23,DRREDDY,128031748
2022-05-23,LICHSGFIN,128064772
2022-05-23,TORNTPHARM,128107524
2022-05-23,ABBOTINDIA,128124932
2022-05-23,SIEMENS,128140804
2022-05-23,BALKRISIND,128602884
2022-05-23,EICHERMOT,129331204
2022-05-23,BAYERCROP,129608964
2022-05-23,ASTRAZEN,129745924
2022-05-23,LUMAXIND,132404740
2022-05-23,ELGIEQUIP,133650948
2022-05-23,PIIND,134052356
2022-05-23,STERTOOLS,135874308
2022-05-23,APARINDS,136258308
2022-05-23,ZYDUSLIFE,136274180
2022-05-23,MARUTI,136320004
2022-05-23,DATAMATICS,136327172
2022-05-23,VGUARD,136435972
2022-05-23,ROLEXRINGS,139091204
2022-05-30,KARURVYSYA,151040772
2022-05-30,BANCOINDIA,128009988
2022-05-30,CENTURYTEX,128010244
2022-05-30,SAKSOFT,151053060
2022-05-30,GOODYEAR,128043012
2022-05-30,JINDALPOLY,128058116
2022-05-30,TORNTPHARM,128107524
2022-05-30,SKFINDIA,128120836
2022-05-30,ASTRAZEN,129745924
2022-05-30,NAVNETEDUL,130301188
2022-05-30,3MINDIA,133989124
2022-05-30,SANGHVIMOV,135698692
2022-05-30,GALAXYSURF,138479364
2022-05-30,FLUOROCHEM,138959876
2022-05-30,CUB,136245764
2022-05-30,APARINDS,136258308
2022-05-30,MPSLTD,136304644
2022-05-30,FIEMIND,136388612
2022-05-30,RTNINDIA,136856836
2022-05-30,SHARDAMOTR,2695681
2022-05-30,METROBRAND,139117060
2022-05-30,ICICIPRULI,138274052
2022-06-06,XPROINDIA,151043332
2022-06-06,SAKSOFT,151053060
2022-06-06,HINDOILEXP,128047620
2022-06-06,MFSL,128069380
2022-06-06,SKFINDIA,128120836
2022-06-06,TATACONSUM,128204804
2022-06-06,NELCO,129052676
2022-06-06,UNICHEMLAB,129712644
2022-06-06,ITDCEM,130430980
2022-06-06,SUNTECK,131117828
2022-06-06,SOTL,134314756
2022-06-06,SANGHVIMOV,135698692
2022-06-06,ZYDUSWELL,136021764
2022-06-06,FLUOROCHEM,138959876
2022-06-06,CAMS,139067396
2022-06-06,CUB,136245764
2022-06-06,MPSLTD,136304644
2022-06-06,MOLDTKPAC,136468484
2022-06-06,SHARDAMOTR,2695681
2022-06-06,WONDERLA,137796612
2022-06-06,CARTRADE,139093252
2022-06-13,NRBBEARING,135773956
2022-06-20,VIPIND,130017284
2022-06-20,SUNTECK,131117828
2022-06-20,SPANDANA,138946308
2022-06-20,AJANTPHARM,136276740
2022-06-20,STAR,136327940
2022-06-20,INDUSTOWER,136912900
2022-06-27,BOSCHLTD,128135684
2022-06-27,NOVARTIND,128172036
2022-06-27,AKZOINDIA,128181764
2022-06-27,TALBROAUTO,129320964
2022-06-27,SMLISUZU,129329156
2022-06-27,RANEHOLDIN,129484804
2022-06-27,GILLETTE,130000644
2022-06-27,SHALPAINTS,130527748
2022-06-27,SUNTECK,131117828
2022-06-27,VIMTALABS,134244868
2022-06-27,TIINDIA,138435076
2022-06-27,SPANDANA,138946308
2022-06-27,CUB,136245764
2022-06-27,SUPRAJIT,136322308
2022-06-27,STAR,136327940
2022-06-27,HGS,136411908
2022-06-27,RECLTD,136436484
2022-06-27,LODHA,139081476
2022-06-27,PAYTM,139109380
2022-06-27,ADANITRANS,138049028
2022-06-27,MGL,138228996
2022-07-04,BAJAJELEC,128007940
2022-07-04,UFLEX,128037892
2022-07-04,HSCL,128047108
2022-07-04,LGBBROSLTD,128064004
2022-07-04,TRENT,128064260
2022-07-04,PGHH,128117508
2022-07-04,CUMMINSIND,128122884
2022-07-04,LT,128130564
2022-07-04,BOSCHLTD,128135684
2022-07-04,CEATLTD,128224772
2022-07-04,BBL,129013764
2022-07-04,TALBROAUTO,129320964
2022-07-04,SMLISUZU,129329156
2022-07-04,RANEHOLDIN,129484804
2022-07-04,GOCLCORP,129658884
2022-07-04,GILLETTE,130000644
2022-07-04,SHALPAINTS,130527748
2022-07-04,CARBORUNIV,131424004
2022-07-04,ADORWELD,132362500
2022-07-04,USHAMART,132389380
2022-07-04,HAVELLS,132442628
2022-07-04,JAYBARMARU,133136900
2022-07-04,MAYURUNIQ,133695748
2022-07-04,RIIL,134001924
2022-07-04,LINDEINDIA,134004996
2022-07-04,VIMTALABS,134244868
2022-07-04,MARKSANS,134247428
2022-07-04,DIAMONDYD,138425348
2022-07-04,TIINDIA,138435076
2022-07-04,MAHLOG,138436612
2022-07-04,APOLLO,138465028
2022-07-04,SIRCA,139183620
2022-07-04,EMAMILTD,135977476
2022-07-04,NUCLEUS,135989508
2022-07-04,FLUOROCHEM,138959876
2022-07-04,SBICARD,139024900
2022-07-04,BANKBARODA,136226308
2022-07-04,LIKHITHA,139069444
2022-07-04,CUB,136245764
2022-07-04,RADICO,136319236
2022-07-04,NDTV,136327428
2022-07-04,RSYSTEMS,3433985
2022-07-04,SOBHA,136392708
2022-07-04,LUMAXTECH,136395780
2022-07-04,HGS,136411908
2022-07-04,NELCAST,136413188
2022-07-04,RECLTD,136436484
2022-07-04,JUBLFOOD,136487684
2022-07-04,BECTORFOOD,139072772
2022-07-04,IPL,139087620
2022-07-04,ADANITRANS,138049028
2022-07-04,MGL,138228996
2022-07-11,MTNL,128027652
2022-07-11,EPL,128034564
2022-07-11,HSCL,128047108
2022-07-11,INGERRAND,128053764
2022-07-11,SUNDRMFAST,128103172
2022-07-11,ESCORTS,128126724
2022-07-11,GRWRHITECH,128167684
2022-07-11,CEATLTD,128224772
2022-07-11,BOROLTD,139062276
2022-07-11,PCBL,129687044
2022-07-11,MAYURUNIQ,133695748
2022-07-11,MARKSANS,134247428
2022-07-11,GOLDIAM,134842628
2022-07-11,JKTYRE,135681796
2022-07-11,APOLLO,138465028
2022-07-11,SIRCA,139183620
2022-07-11,FDC,136089348
2022-07-11,TATACOFFEE,136269060
2022-07-11,GRANULES,136315396
2022-07-11,BLKASHYAP,136376068
2022-07-11,NELCAST,136413188
2022-07-11,KUANTUM,136431876
2022-07-11,BAJAJCON,136506628
2022-07-11,BECTORFOOD,139072772
2022-07-11,AMIORG,139097348
2022-07-11,PRECAM,138146820
2022-07-11,CROMPTON,138208260
2022-07-18,AEGISCHEM,10241
2022-07-18,KARURVYSYA,151040772
2022-07-18,EXIDEIND,128022020
2022-07-18,MTNL,128027652
2022-07-18,HFCL,128046852
2022-07-18,PRSMJOHNSN,128086532
2022-07-18,SUNDRMFAST,128103172
2022-07-18,ESCORTS,128126724
2022-07-18,GRWRHITECH,128167684
2022-07-18,GSFC,128176644
2022-07-18,BOROLTD,139062276
2022-07-18,PCBL,129687044
2022-07-18,CANFINHOME,130866180
2022-07-18,CHOLAFIN,130878212
2022-07-18,VISHNU,132114436
2022-07-18,IGARASHI,132449284
2022-07-18,VENKEYS,961793
2022-07-18,POONAWALLA,134144004
2022-07-18,STYLAMIND,134899460
2022-07-18,INDIACEM,135681284
2022-07-18,JKTYRE,135681796
2022-07-18,CLSEL,891393
2022-07-18,RITES,138638340
2022-07-18,AAVAS,138748932
2022-07-18,BALAMINES,135935748
2022-07-18,SOMANYCERA,136076292
2022-07-18,CSBBANK,138973956
2022-07-18,UJJIVANSFB,138983428
2022-07-18,HAPPSTMNDS,139066116
2022-07-18,INDUSINDBK,136239876
2022-07-18,AXISBANK,136247044
2022-07-18,SONATSOFTW,136248580
2022-07-18,CERA,136305412
2022-07-18,CANBK,136315652
2022-07-18,ASTRAMICRO,136318212
2022-07-18,MAHABANK,136326404
2022-07-18,RKFORGE,136326916
2022-07-18,YESBANK,136357892
2022-07-18,ICRA,136405764
2022-07-18,PURVA,136420100
2022-07-18,EDELWEISS,136428036
2022-07-18,KOLTEPATIL,136428548
2022-07-18,DLINKINDIA,136485380
2022-07-18,BAJAJCON,136506628
2022-07-18,OBEROIRLTY,136517892
2022-07-18,ANURAS,139078404
2022-07-18,ARVSMART,138061060
2022-07-18,SATIN,138087428
2022-07-18,PRECAM,138146820
2022-07-18,ADVENZYMES,138246404
2022-07-25,AEGISCHEM,10241
2022-07-25,ATUL,128006916
2022-07-25,BAJFINANCE,128008708
2022-07-25,BANARISUG,128010500
2022-07-25,BHEL,128026372
2022-07-25,AGI,128047876
2022-07-25,INDIAGLYCO,128051460
2022-07-25,PRSMJOHNSN,128086532
2022-07-25,RAIN,128086788
2022-07-25,RELINFRA,128099844
2022-07-25,BAJAJHLDNG,128125444
2022-07-25,BHARATFORG,128126212
2022-07-25,GSFC,128176644
2022-07-25,EIHOTEL,128215044
2022-07-25,TATAINVEST,128333060
2022-07-25,SRF,128974340
2022-07-25,ALKYLAMINE,129732356
2022-07-25,HEG,130465540
2022-07-25,JINDRILL,130824708
2022-07-25,CANFINHOME,130866180
2022-07-25,CHOLAFIN,130878212
2022-07-25,UGROCAP,131005956
2022-07-25,SEQUENT,131207428
2022-07-25,VISHNU,132114436
2022-07-25,VINDHYATEL,132355844
2022-07-25,IGARASHI,132449284
2022-07-25,KOKUYOCMLN,133940996
2022-07-25,POONAWALLA,134144004
2022-07-25,ABCAPITAL,138416900
2022-07-25,INDIACEM,135681284
2022-07-25,RITES,138638340
2022-07-25,AAVAS,138748932
2022-07-25,ALICON,135973636
2022-07-25,KPITTECH,138918660
2022-07-25,HATSUN,136071940
2022-07-25,BHAGCHEM,136120068
2022-07-25,UJJIVANSFB,138983428
2022-07-25,HAPPSTMNDS,139066116
2022-07-25,JKPAPER,136233476
2022-07-25,INDUSINDBK,136239876
2022-07-25,AXISBANK,136247044
2022-07-25,TAJGVK,136291844
2022-07-25,CERA,136305412
2022-07-25,ISMTLTD,136314628
2022-07-25,ASTRAMICRO,136318212
2022-07-25,NAVINFLUOR,136321028
2022-07-25,RKFORGE,136326916
2022-07-25,COFORGE,136330500
2022-07-25,CENTURYPLY,136332292
2022-07-25,DWARKESH,136348164
2022-07-25,AURIONPRO,136363012
2022-07-25,REPRO,136367876
2022-07-25,BAJAJFINSV,136442372
2022-07-25,DBCORP,136486660
2022-07-25,OBEROIRLTY,136517892
2022-07-25,VSSL,136804356
2022-07-25,NUVOCO,139093508
2022-07-25,FINOPB,139106820
2022-07-25,ARVSMART,138061060
2022-07-25,DBL,138252036
2022-08-01,TIDEWATER,151041284
2022-08-01,FACT,151046148
2022-08-01,BANARISUG,128010500
2022-08-01,CESC,128021508
2022-08-01,ORISSAMINE,151062020
2022-08-01,IDBI,128029700
2022-08-01,AGI,128047876
2022-08-01,RAMCOCEM,128066564
2022-08-01,NCC,128075268
2022-08-01,RAIN,128086788
2022-08-01,RALLIS,128090884
2022-08-01,RELINFRA,128099844
2022-08-01,BAJAJHLDNG,128125444
2022-08-01,GNFC,128171524
2022-08-01,EIHOTEL,128215044
2022-08-01,ORIENTPPR,128619524
2022-08-01,HEG,130465540
2022-08-01,JINDRILL,130824708
2022-08-01,UGROCAP,131005956
2022-08-01,GIPCL,132428804
2022-08-01,BALMLAWRIE,133969668
2022-08-01,DCMSHRIRAM,133981956
2022-08-01,NFL,134049284
2022-08-01,RCF,134202884
2022-08-01,HESTERBIO,134315268
2022-08-01,KRISHANA,3288833
2022-08-01,NATCOPHARM,134352900
2022-08-01,PANAMAPET,134353924
2022-08-01,INFOBEAN,139172868
2022-08-01,FILATEX,134714116
2022-08-01,MASFIN,138431748
2022-08-01,NAM-INDIA,138436356
2022-08-01,LAOPALA,134898436
2022-08-01,PARACABLES,135822084
2022-08-01,MANAPPURAM,135990532
2022-08-01,NEOGEN,138922244
2022-08-01,HATSUN,136071940
2022-08-01,INDIAMART,138937860
2022-08-01,FDC,136089348
2022-08-01,PRINCEPIPE,138984196
2022-08-01,AGARIND,136171780
2022-08-01,ROSSARI,139062532
2022-08-01,INDRAMEDCO,136230404
2022-08-01,J&KBANK,136245508
2022-08-01,ACCELYA,136260612
2022-08-01,ZYDUSLIFE,136274180
2022-08-01,GATI,136280324
2022-08-01,SUBEXLTD,247553
2022-08-01,PNB,136310020
2022-08-01,OFSS,136311300
2022-08-01,ISMTLTD,136314628
2022-08-01,UCOBANK,136321284
2022-08-01,COFORGE,136330500
2022-08-01,JPPOWER,136352516
2022-08-01,AURIONPRO,136363012
2022-08-01,REDINGTON,136398084
2022-08-01,ASTRAL,136404484
2022-08-01,PAISALO,136422404
2022-08-01,TRIL,136429572
2022-08-01,RPOWER,136432388
2022-08-01,IRB,136434436
2022-08-01,DHANI,136437764
2022-08-01,BAJAJFINSV,136442372
2022-08-01,EXPLEOSOL,136478980
2022-08-01,DBCORP,136486660
2022-08-01,RAMKY,136515076
2022-08-01,ZENTEC,136534788
2022-08-01,TRITURBINE,136615684
2022-08-01,SCHNEIDER,136739588
2022-08-01,NBCC,136783108
2022-08-01,VSSL,136804356
2022-08-01,INDIGOPNTS,139074052
2022-08-01,SAPPHIRE,139109636
2022-08-01,INOXWIND,138005252
2022-08-01,SHIVALIK,138021892
2022-08-01,POWERMECH,138061316
2022-08-01,IDFCFIRSTB,138095876
2022-08-01,LALPATHLAB,138118148
2022-08-01,BHARATWIRE,138188548
2022-08-01,PILANIINVS,138210052
2022-08-01,MGL,138228996
2022-08-01,LTIM,138241284
2022-08-01,DBL,138252036
2022-08-08,AMARAJABAT,128002052
2022-08-08,LAURUSLABS,138296836
2022-08-08,TIDEWATER,151041284
2022-08-08,AMRUTANJAN,151041540
2022-08-08,BEML,128012292
2022-08-08,IDBI,128029700
2022-08-08,DCW,128029956
2022-08-08,DRREDDY,128031748
2022-08-08,ELECTCAST,128032772
2022-08-08,GODREJIND,128041988
2022-08-08,KIRLFER,128062724
2022-08-08,LUPIN,128065796
2022-08-08,NCC,128075268
2022-08-08,PEL,128077316
2022-08-08,RALLIS,128090884
2022-08-08,TATACHEM,128197124
2022-08-08,CENTRUM,128294404
2022-08-08,GREAVESCOT,128372484
2022-08-08,ORIENTPPR,128619524
2022-08-08,DEEPAKNTR,5105409
2022-08-08,UPL,131089924
2022-08-08,SBCL,1191937
2022-08-08,NLCINDIA,131502852
2022-08-08,CENTUM,132491268
2022-08-08,HERITGFOOD,133005316
2022-08-08,BALMLAWRIE,133969668
2022-08-08,AARTIIND,134197252
2022-08-08,RCF,134202884
2022-08-08,KRISHANA,3288833
2022-08-08,AUROPHARMA,134349828
2022-08-08,PANAMAPET,134353924
2022-08-08,FILATEX,134714116
2022-08-08,SANGHIIND,134789380
2022-08-08,CAPACITE,138421764
2022-08-08,GICRE,138433284
2022-08-08,NAM-INDIA,138436356
2022-08-08,NEWGEN,138470404
2022-08-08,PARACABLES,135822084
2022-08-08,IRCON,138740740
2022-08-08,MANAPPURAM,135990532
2022-08-08,FDC,136089348
2022-08-08,AFFLE,138944516
2022-08-08,AGARIND,136171780
2022-08-08,UTIAMC,139068932
2022-08-08,ITDC,136240388
2022-08-08,J&KBANK,136245508
2022-08-08,ACCELYA,136260612
2022-08-08,ZYDUSLIFE,136274180
2022-08-08,GATI,136280324
2022-08-08,SUBEXLTD,247553
2022-08-08,AXISCADES,136293124
2022-08-08,BFUTILITIE,136302084
2022-08-08,OFSS,136311300
2022-08-08,IGL,136323588
2022-08-08,JPPOWER,136352516
2022-08-08,SASKEN,136361732
2022-08-08,JAGRAN,136372484
2022-08-08,REDINGTON,136398084
2022-08-08,PGIL,136398852
2022-08-08,ASTRAL,136404484
2022-08-08,PAISALO,136422404
2022-08-08,TRIL,136429572
2022-08-08,RPOWER,136432388
2022-08-08,IRB,136434436
2022-08-08,EXPLEOSOL,136478980
2022-08-08,BFINVEST,136525572
2022-08-08,ZENTEC,136534788
2022-08-08,MUTHOOTFIN,136549892
2022-08-08,SCHNEIDER,136739588
2022-08-08,MTARTECH,139077124
2022-08-08,INOXWIND,138005252
2022-08-08,NH,138125060
2022-08-08,MGL,138228996
2022-08-16,HINDPETRO,128026628
2022-08-16,ELECTCAST,128032772
2022-08-16,GODREJIND,128041988
2022-08-16,KIRLFER,128062724
2022-08-16,LUPIN,128065796
2022-08-16,PEL,128077316
2022-08-16,BIRLACORPN,128085764
2022-08-16,SHREDIGCEM,128558084
2022-08-16,KESORAMIND,128751876
2022-08-16,INDIANHUME,129213700
2022-08-16,DYNAMATECH,129341956
2022-08-16,STYRENIX,129592836
2022-08-16,MONARCH,130957060
2022-08-16,SBCL,1191937
2022-08-16,SANGAMIND,131643908
2022-08-16,AVTNPL,132890884
2022-08-16,HERITGFOOD,133005316
2022-08-16,KINGFA,134148868
2022-08-16,IOLCP,134185988
2022-08-16,AARTIDRUGS,134233092
2022-08-16,CDSL,5420545
2022-08-16,CAPACITE,138421764
2022-08-16,GODREJAGRO,138430212
2022-08-16,HDFCLIFE,138438916
2022-08-16,GUJALKALI,135680260
2022-08-16,ISEC,138541828
2022-08-16,MIDHANI,138545924
2022-08-16,IRCTC,138964484
2022-08-16,SAREGAMA,136233732
2022-08-16,UTIAMC,139068932
2022-08-16,WOCKPHARMA,136268804
2022-08-16,IGL,136323588
2022-08-16,JAGRAN,136372484
2022-08-16,IBREALEST,136404996
2022-08-16,DEN,136483076
2022-08-16,WABAG,136516868
2022-08-16,STOVEKRAFT,139074564
2022-08-16,SKIPPER,137871876
2022-08-16,GUJGASLTD,2713345
2022-08-16,NH,138125060
2022-08-16,PNBHOUSING,138284292
2022-08-22,SPIC,151047684
2022-08-22,BEPL,128013316
2022-08-22,CRISIL,128023556
2022-08-22,BIRLACORPN,128085764
2022-08-22,UNIENTER,2891009
2022-08-22,FINPIPE,266497
2022-08-22,SHREDIGCEM,128558084
2022-08-22,STYRENIX,129592836
2022-08-22,DHANUKA,129975556
2022-08-22,SANGAMIND,131643908
2022-08-22,AVTNPL,132890884
2022-08-22,SHANKARA,138348804
2022-08-22,GODREJAGRO,138430212
2022-08-22,SEAMECLTD,134862596
2022-08-22,GUJALKALI,135680260
2022-08-22,MIDHANI,138545924
2022-08-22,INDOSTAR,138582020
2022-08-22,RVNL,138918148
2022-08-22,RAMCOIND,136286468
2022-08-22,STLTECH,136287748
2022-08-22,MCDOWELL-N,2674433
2022-08-22,JPASSOCIAT,136328196
2022-08-22,IBREALEST,136404996
2022-08-22,SPARC,136415236
2022-08-22,ASHOKA,136517380
2022-08-22,TEXRAIL,136531460
2022-08-22,RHIM,136723460
2022-08-22,EQUITASBNK,139070212
2022-08-22,SKIPPER,137871876
2022-08-22,ABSLAMC,139103748
2022-08-22,RBLBANK,138256644
2022-08-29,SFL,138291972
2022-08-29,SPIC,151047684
2022-08-29,HCC,128047364
2022-08-29,INDIAGLYCO,128051460
2022-08-29,PRAKASH,129541636
2022-08-29,GUFICBIO,130324228
2022-08-29,HBLPOWER,132421380
2022-08-29,KOVAI,133970692
2022-08-29,DCMSRIND,1875201
2022-08-29,DREDGECORP,134046212
2022-08-29,SEAMECLTD,134862596
2022-08-29,UDAICEMENT,135713540
2022-08-29,GENUSPOWER,135767812
2022-08-29,SOLARA,138634244
2022-08-29,VARROC,138643972
2022-08-29,TCNSBRANDS,138675204
2022-08-29,RVNL,138918148
2022-08-29,TTML,136286980
2022-08-29,STLTECH,136287748
2022-08-29,APTECHT,136313604
2022-08-29,JPASSOCIAT,136328196
2022-08-29,SUZLON,136362756
2022-08-29,NITINSPIN,136370692
2022-08-29,GMRINFRA,136385028
2022-08-29,DEEPINDS,842753
2022-08-29,SEPC,136433924
2022-08-29,RTNPOWER,136479236
2022-08-29,DBREALTY,136488964
2022-08-29,HATHWAY,136489476
2022-08-29,SASTASUNDR,136514308
2022-08-29,TEXRAIL,136531460
2022-08-29,EQUITASBNK,139070212
2022-08-29,RAILTEL,139075844
2022-08-29,KIMS,139086852
2022-08-29,VIJAYA,139097604
2022-08-29,FINOPB,139106820
2022-09-05,XPROINDIA,151043332
2022-09-05,PGHL,128032260
2022-09-05,ESABINDIA,128034052
2022-09-05,SWANENERGY,128847364
2022-09-05,TEXINFRA,129382404
2022-09-05,PRAKASH,129541636
2022-09-05,GUFICBIO,130324228
2022-09-05,HBLPOWER,132421380
2022-09-05,DCMSRIND,1875201
2022-09-05,DREDGECORP,134046212
2022-09-05,IFGLEXPOR,138438148
2022-09-05,SUVEN,135741188
2022-09-05,GENUSPOWER,135767812
2022-09-05,VARROC,138643972
2022-09-05,IIFLSEC,138949892
2022-09-05,VIDHIING,136119556
2022-09-05,CAMS,139067396
2022-09-05,ANGELONE,139068164
2022-09-05,APTECHT,136313604
2022-09-05,RENUKA,136363524
2022-09-05,NITINSPIN,136370692
2022-09-05,GMRINFRA,136385028
2022-09-05,TV18BRDCST,136396804
2022-09-05,FSL,136399108
2022-09-05,ISGEC,136456452
2022-09-05,DBREALTY,136488964
2022-09-05,HATHWAY,136489476
2022-09-05,SASTASUNDR,136514308
2022-09-05,RAILTEL,139075844
2022-09-05,SHYAMMETL,139084548
2022-09-05,KIMS,139086852
2022-09-05,VIJAYA,139097604
2022-09-05,FINOPB,139106820
2022-09-05,MAPMYINDIA,139116804
2022-09-05,THYROCARE,138206980
2022-09-05,QUESS,138234372
2022-09-12,VEDL,128075524
2022-09-12,TIRUMALCHM,128105476
2022-09-12,BBTC,128364804
2022-09-12,SWANENERGY,128847364
2022-09-12,TINPLATE,129271300
2022-09-12,VIPIND,130017284
2022-09-12,SHAREINDIA,138425604
2022-09-12,JINDWORLD,136075012
2022-09-12,VIDHIING,136119556
2022-09-12,CAMS,139067396
2022-09-12,ANGELONE,139068164
2022-09-12,TCI,136281348
2022-09-12,FSL,136399108
2022-09-12,ICRA,136405764
2022-09-12,EASEMYTRIP,139077636
2022-09-12,SATIA,138035460
2022-09-12,THYROCARE,138206980
2022-09-19,VEDL,128075524
2022-09-19,GATEWAY,139133188
2022-09-19,GAEL,134201860
2022-09-19,ORIENTELEC,138573060
2022-09-19,TCI,136281348
2022-09-19,TRIVENI,136283140
2022-09-19,JTLIND,136857604
2022-09-19,HCG,138185476
2022-09-26,ABBOTINDIA,128124932
2022-09-26,METROPOLIS,138918404
2022-09-26,HCG,138185476
2022-10-03,ABBOTINDIA,128124932
2022-10-03,METROPOLIS,138918404
2022-10-03,OLECTRA,136304388
2022-10-03,COFORGE,136330500
2022-10-03,GOKEX,136353284
2022-10-03,M&MFIN,136376324
2022-10-03,PERSISTENT,136493828
2022-10-03,MCX,136727300
2022-10-10,GNFC,128171524
2022-10-10,IFBIND,129465860
2022-10-10,HCLTECH,136263940
2022-10-10,COFORGE,136330500
2022-10-10,GOKEX,136353284
2022-10-10,M&MFIN,136376324
2022-10-10,KPRMILL,136419588
2022-10-10,PAISALO,136422404
2022-10-10,ASTEC,136483332
2022-10-10,PERSISTENT,136493828
2022-10-10,MCX,136727300
2022-10-17,GNFC,128171524
2022-10-17,WENDT,129385476
2022-10-17,VIMTALABS,134244868
2022-10-17,PAISALO,136422404
2022-10-17,IRB,136434436
2022-10-24,TATAMTRDVR,145920260
2022-10-24,PGHH,128117508
2022-10-24,DHANUKA,129975556
2022-10-24,TIPSINDLTD,136288004
2022-10-24,IRB,136434436
2022-10-24,RECLTD,136436484
2022-10-24,OBEROIRLTY,136517892
2022-10-24,JUSTDIAL,137125892
2022-10-31,RAIN,128086788
2022-10-31,SIYSIL,128975620
2022-10-31,ALEMBICLTD,129596164
2022-10-31,ITI,134044164
2022-10-31,GOLDIAM,134842628
2022-10-31,STERTOOLS,135874308
2022-10-31,TECHNOE,138788100
2022-10-31,EVEREADY,136066052
2022-10-31,MPSLTD,136304644
2022-10-31,DIVISLAB,136316932
2022-10-31,RECLTD,136436484
2022-10-31,INDIGOPNTS,139074052
2022-10-31,LATENTVIEW,139109892
2022-11-07,RAIN,128086788
2022-11-07,BOSCHLTD,128135684
2022-11-07,FINPIPE,266497
2022-11-07,SIYSIL,128975620
2022-11-07,AJMERA,131417348
2022-11-07,ITI,134044164
2022-11-07,SANGHVIMOV,135698692
2022-11-07,KPIGREEN,138834692
2022-11-14,DALMIASUG,128024836
2022-11-14,JINDALSAW,128096772
2022-11-14,GOCLCORP,129658884
2022-11-14,GRAPHITE,130428932
2022-11-14,AJMERA,131417348
2022-11-14,MMFL,133693700
2022-11-14,SANGHVIMOV,135698692
2022-11-14,KPIGREEN,138834692
2022-11-14,SUVENPHAR,139024388
2022-11-14,GSPL,136371716
2022-11-14,UTTAMSUGAR,136378628
2022-11-14,PFS,136536068
2022-11-14,ENDURANCE,138279172
2022-11-21,BALRAMCHIN,128009732
2022-11-21,MTNL,128027652
2022-11-21,DHAMPURSUG,128030468
2022-11-21,MADRASFERT,151074308
2022-11-21,TATACONSUM,128204804
2022-11-21,MARATHON,128793860
2022-11-21,PITTIENG,131460868
2022-11-21,VADILALIND,132903940
2022-11-21,KIOCL,138414084
2022-11-21,HDFCLIFE,138438916
2022-11-21,IFGLEXPOR,138438148
2022-11-21,OPTIEMUS,135714564
2022-11-21,UTIAMC,139068932
2022-11-21,TIIL,136397828
2022-11-21,KNRCON,136433156
2022-11-21,DEN,136483076
2022-11-21,MOIL,136521220
2022-11-21,GULFOILLUB,137873156
2022-11-21,MEDPLUS,139117316
2022-11-21,INDIGO,138098692
2022-11-28,ATUL,128006916
2022-11-28,BEPL,128013316
2022-11-28,DABUR,128024580
2022-11-28,ARVIND,128025860
2022-11-28,ORISSAMINE,151062020
2022-11-28,HINDPETRO,128026628
2022-11-28,MTNL,128027652
2022-11-28,MADRASFERT,151074308
2022-11-28,GODREJIND,128041988
2022-11-28,KAJARIACER,128059652
2022-11-28,NIITLTD,128077828
2022-11-28,BIRLACORPN,128085764
2022-11-28,MUKANDLTD,128117764
2022-11-28,BPCL,128140036
2022-11-28,HINDUNILVR,128178180
2022-11-28,BALKRISIND,128602884
2022-11-28,ZENSARTECH,129041156
2022-11-28,TALBROAUTO,129320964
2022-11-28,COSMOFIRST,130256388
2022-11-28,LICI,139142660
2022-11-28,CARBORUNIV,131424004
2022-11-28,PITTIENG,131460868
2022-11-28,VADILALIND,132903940
2022-11-28,TRIDENT,133392388
2022-11-28,KIOCL,138414084
2022-11-28,SHANKARA,138348804
2022-11-28,AVADHSUGAR,138406148
2022-11-28,CAPLIPOINT,999937
2022-11-28,MPHASIS,134732548
2022-11-28,ICICIGI,138423300
2022-11-28,HDFCLIFE,138438916
2022-11-28,IFGLEXPOR,138438148
2022-11-28,STYLAMIND,134899460
2022-11-28,APOLLOPIPE,3676417
2022-11-28,PRINCEPIPE,138984196
2022-11-28,UTIAMC,139068932
2022-11-28,GMDCLTD,136238340
2022-11-28,SUBEXLTD,247553
2022-11-28,RAMCOSYS,136286724
2022-11-28,BSOFT,136294404
2022-11-28,OFSS,136311300
2022-11-28,TANLA,136394244
2022-11-28,NETWORK18,136396292
2022-11-28,TV18BRDCST,136396804
2022-11-28,PGIL,136398852
2022-11-28,HGS,136411908
2022-11-28,ISGEC,136456452
2022-11-28,IMFA,136460036
2022-11-28,GLOBUSSPR,136474628
2022-11-28,HATHWAY,136489476
2022-11-28,GREENPOWER,136515332
2022-11-28,ASHOKA,136517380
2022-11-28,MOIL,136521220
2022-11-28,HEMIPROP,139069956
2022-11-28,LODHA,139081476
2022-11-28,CHEMPLASTS,139094020
2022-11-28,AMIORG,139097348
2022-11-28,GULFOILLUB,137873156
2022-11-28,SHRIRAMPPS,139115268
2022-11-28,MINDACORP,137974276
2022-11-28,INOXWIND,138005252
2022-11-28,INDIGO,138098692
2022-11-28,PARAGMILK,138211588
2022-12-05,ORISSAMINE,151062020
2022-12-05,EPL,128034564
2022-12-05,GODREJIND,128041988
2022-12-05,RAMCOCEM,128066564
2022-12-05,NIITLTD,128077828
2022-12-05,MUKANDLTD,128117764
2022-12-05,SIEMENS,128140804
2022-12-05,HINDUNILVR,128178180
2022-12-05,ZENSARTECH,129041156
2022-12-05,JAGSNPHARM,129993988
2022-12-05,LICI,139142660
2022-12-05,ETHOSLTD,139144196
2022-12-05,VENKEYS,961793
2022-12-05,AVADHSUGAR,138406148
2022-12-05,ICICIGI,138423300
2022-12-05,NUCLEUS,135989508
2022-12-05,MARICO,136100356
2022-12-05,PRINCEPIPE,138984196
2022-12-05,BSOFT,136294404
2022-12-05,PETRONET,136325636
2022-12-05,KEC,136374788
2022-12-05,TANLA,136394244
2022-12-05,NETWORK18,136396292
2022-12-05,TV18BRDCST,136396804
2022-12-05,HGS,136411908
2022-12-05,PURVA,136420100
2022-12-05,ISGEC,136456452
2022-12-05,GLOBUSSPR,136474628
2022-12-05,HATHWAY,136489476
2022-12-05,GREENPOWER,136515332
2022-12-05,ASHOKA,136517380
2022-12-05,STEELXIND,136895492
2022-12-05,LODHA,139081476
2022-12-05,CHEMPLASTS,139094020
2022-12-05,ABSLAMC,139103748
2022-12-05,SHRIRAMPPS,139115268
2022-12-05,SHK,138099204
2022-12-12,BAJAJELEC,128007940
2022-12-12,CESC,128021508
2022-12-12,INDORAMA,128052996
2022-12-12,SIEMENS,128140804
2022-12-12,GSFC,128176644
2022-12-12,JAGSNPHARM,129993988
2022-12-12,NAVA,131333892
2022-12-12,ETHOSLTD,139144196
2022-12-12,LINDEINDIA,134004996
2022-12-12,POWERINDIA,139055876
2022-12-12,RML,136361220
2022-12-12,PURVA,136420100
2022-12-12,ABSLAMC,139103748
2022-12-12,SHK,138099204
2022-12-26,MAITHANALL,151059972
2022-12-26,MOTHERSON,132437508
2022-12-26,POONAWALLA,134144004
2022-12-26,ZOTA,2916865
2022-12-26,63MOONS,134881540
2022-12-26,ASHAPURMIN,134912260
2022-12-26,SAREGAMA,136233732
2023-01-02,BEPL,128013316
2023-01-02,SMLISUZU,129329156
2023-01-02,MOTHERSON,132437508
2023-01-02,GANESHHOUC,134749956
2023-01-02,63MOONS,134881540
2023-01-02,ASHAPURMIN,134912260
2023-01-02,INDOSTAR,138582020
2023-01-02,ANUP,138869764
2023-01-09,XPROINDIA,151043332
2023-01-09,CHENNPETRO,128028164
2023-01-09,TATAINVEST,128333060
2023-01-09,SMLISUZU,129329156
2023-01-09,ITI,134044164
2023-01-09,NITINSPIN,136370692
2023-01-09,CIGNITITEC,1316353
2023-01-16,CHENNPETRO,128028164
2023-01-16,WENDT,129385476
2023-01-16,POWERGRID,136421892
2023-01-16,NHPC,136473092
2023-01-16,GRINFRA,139089156
2023-01-16,BHARATWIRE,138188548
2023-01-23,ITC,128224004
2023-01-23,CONTROLPR,133707524
2023-01-23,POWERGRID,136421892
2023-01-23,BAJAJ-AUTO,136442116
2023-01-23,NHPC,136473092
2023-01-23,SONACOMS,139084804
2023-01-30,AGI,128047876
2023-01-30,ASHOKLEY,128122116
2023-01-30,ITC,128224004
2023-01-30,ANDHRAPAP,128596484
2023-01-30,GRINDWELL,129555460
2023-01-30,CHOLAFIN,130878212
2023-01-30,CONTROLPR,133707524
2023-01-30,ASHIANA,134071300
2023-01-30,ORIENTELEC,138573060
2023-01-30,AAVAS,138748932
2023-01-30,CHALET,138854148
2023-01-30,SWSOLAR,138946564
2023-01-30,AGARIND,136171780
2023-01-30,MARUTI,136320004
2023-01-30,AIAENG,136366852
2023-01-30,BAJAJ-AUTO,136442116
2023-02-06,ABB,128000516
2023-02-06,AGI,128047876
2023-02-06,KIRLOSBROS,128061700
2023-02-06,THERMAX,128105220
2023-02-06,VOLTAS,128147204
2023-02-06,INDHOTEL,128217604
2023-02-06,BBTC,128364804
2023-02-06,ANDHRAPAP,128596484
2023-02-06,CHOLAHLDNG,129273092
2023-02-06,SBCL,1191937
2023-02-06,PENIND,131386372
2023-02-06,ADORWELD,132362500
2023-02-06,MAYURUNIQ,133695748
2023-02-06,3MINDIA,133989124
2023-02-06,JCHAC,133989892
2023-02-06,ORIENTELEC,138573060
2023-02-06,AAVAS,138748932
2023-02-06,AGARIND,136171780
2023-02-06,MAHLIFE,136272132
2023-02-06,NAVINFLUOR,136321028
2023-02-06,VOLTAMP,136385796
2023-02-06,ISGEC,136456452
2023-02-06,DLINKINDIA,136485380
2023-02-06,WONDERLA,137796612
2023-02-06,CARTRADE,139093252
2023-02-06,POLICYBZR,139107844
2023-02-06,PAYTM,139109380
2023-02-06,INTELLECT,137941764
2023-02-06,ALKEM,138117892
2023-02-06,LTIM,138241284
2023-02-13,ABB,128000516
2023-02-13,HINDOILEXP,128047620
2023-02-13,INGERRAND,128053764
2023-02-13,KIRLOSBROS,128061700
2023-02-13,KSB,128063748
2023-02-13,TRENT,128064260
2023-02-13,VOLTAS,128147204
2023-02-13,ELECON,129459204
2023-02-13,SCHAEFFLER,129482244
2023-02-13,APOLLOHOSP,130270468
2023-02-13,UPL,131089924
2023-02-13,SBCL,1191937
2023-02-13,PENIND,131386372
2023-02-13,ADORWELD,132362500
2023-02-13,TIMKEN,133660932
2023-02-13,MAYURUNIQ,133695748
2023-02-13,NILKAMAL,133986564
2023-02-13,JCHAC,133989892
2023-02-13,PIIND,134052356
2023-02-13,CARYSIL,134167300
2023-02-13,NEULANDLAB,134286852
2023-02-13,AUROPHARMA,134349828
2023-02-13,DCAL,138419460
2023-02-13,HAL,138535428
2023-02-13,VAIBHAVGBL,136231940
2023-02-13,GLENMARK,136267780
2023-02-13,JKCEMENT,136356868
2023-02-13,RSYSTEMS,3433985
2023-02-13,TECHM,136385284
2023-02-13,PGIL,136398852
2023-02-13,DLINKINDIA,136485380
2023-02-13,ROLEXRINGS,139091204
2023-02-13,WONDERLA,137796612
2023-02-13,POLICYBZR,139107844
2023-02-13,PAYTM,139109380
2023-02-13,PDSL,137914884
2023-02-13,INTELLECT,137941764
2023-02-13,POWERMECH,138061316
2023-02-13,ALKEM,138117892
2023-02-20,HINDOILEXP,128047620
2023-02-20,INGERRAND,128053764
2023-02-20,SPICEJET,128072964
2023-02-20,ELECON,129459204
2023-02-20,SCHAEFFLER,129482244
2023-02-20,UPL,131089924
2023-02-20,CARYSIL,134167300
2023-02-20,AUROPHARMA,134349828
2023-02-20,IEX,138432004
2023-02-20,BDL,138532612
2023-02-20,HAL,138535428
2023-02-20,POLYMED,136132612
2023-02-20,POWERINDIA,139055876
2023-02-20,VAIBHAVGBL,136231940
2023-02-20,GLENMARK,136267780
2023-02-20,RSYSTEMS,3433985
2023-02-20,TECHM,136385284
2023-02-20,LUMAXTECH,136395780
2023-02-20,GLOBUSSPR,136474628
2023-02-20,ROLEXRINGS,139091204
2023-02-20,GUJGASLTD,2713345
2023-02-27,RELINFRA,128099844
2023-02-27,PGHH,128117508
2023-02-27,GLAXO,128168964
2023-02-27,SANOFI,128172548
2023-02-27,DELHIVERY,139143428
2023-02-27,NATCOPHARM,134352900
2023-02-27,IEX,138432004
2023-02-27,TIINDIA,138435076
2023-02-27,AMBER,138470916
2023-02-27,POLYMED,136132612
2023-02-27,POWERINDIA,139055876
2023-02-27,PFOCUS,136383492
2023-02-27,LUMAXTECH,136395780
2023-02-27,GLOBUSSPR,136474628
2023-02-27,ANURAS,139078404
2023-02-27,LODHA,139081476
2023-02-27,VRLLOG,138014212
2023-03-06,DALMIASUG,128024836
2023-03-06,ARVIND,128025860
2023-03-06,MRPL,128027908
2023-03-06,DHAMPURSUG,128030468
2023-03-06,LGBBROSLTD,128064004
2023-03-06,MAHSEAMLES,128067844
2023-03-06,RELINFRA,128099844
2023-03-06,SANOFI,128172548
2023-03-06,FMGOETZE,129470468
2023-03-06,STYRENIX,129592836
2023-03-06,SDBL,129923588
2023-03-06,BERGEPAINT,130426884
2023-03-06,RAMRAT,133703940
2023-03-06,GAEL,134201860
2023-03-06,TEJASNET,138392324
2023-03-06,TIINDIA,138435076
2023-03-06,MANGCHEFER,135682820
2023-03-06,AMBER,138470916
2023-03-06,RITES,138638340
2023-03-06,MANORAMA,138745348
2023-03-06,NEOGEN,138922244
2023-03-06,FLUOROCHEM,138959876
2023-03-06,NSIL,136257540
2023-03-06,AJANTPHARM,136276740
2023-03-06,PFOCUS,136383492
2023-03-06,ISGEC,136456452
2023-03-06,THANGAMAYL,136488452
2023-03-06,NBCC,136783108
2023-03-06,ANURAS,139078404
2023-03-06,INOXWIND,138005252
2023-03-06,BHARATWIRE,138188548
2023-03-06,SPAL,138252292
2023-03-13,HINDPETRO,128026628
2023-03-13,MRPL,128027908
2023-03-13,JISLJALEQS,128056068
2023-03-13,BPCL,128140036
2023-03-13,SDBL,129923588
2023-03-13,GAEL,134201860
2023-03-13,MANGCHEFER,135682820
2023-03-13,MAXHEALTH,139064324
2023-03-13,BLKASHYAP,136376068
2023-03-13,GMRINFRA,136385028
2023-03-13,THANGAMAYL,136488452
2023-03-13,BHARATWIRE,138188548
2023-03-13,SPAL,138252292
2023-03-20,BHARATRAS,151045380
2023-03-20,TITAN,128029188
2023-03-20,TTKHLTCARE,2910465
2023-03-20,CENTUM,132491268
2023-03-20,SCI,134041092
2023-03-20,VSTTILLERS,136004100
2023-03-20,CSBBANK,138973956
2023-03-20,RAMKY,136515076
2023-03-27,TITAN,128029188
2023-03-27,JKLAKSHMI,128097284
2023-03-27,GESHIP,128158724
2023-03-27,NESTLEIND,128202244
2023-03-27,SMLISUZU,129329156
2023-03-27,TTKHLTCARE,2910465
2023-03-27,CENTUM,132491268
2023-03-27,APCOTEXIND,134065668
2023-03-27,RELAXO,135812356
2023-03-27,VSTTILLERS,136004100
2023-03-27,CSBBANK,138973956
2023-03-27,ICICIBANK,136236548
2023-03-27,NSIL,136257540
2023-03-27,INDIANB,136400388
2023-03-27,ARVSMART,138061060
2023-04-03,DALMIASUG,128024836
2023-04-03,PGHH,128117508
2023-04-03,BOROLTD,139062276
2023-04-03,PENINLAND,128775940
2023-04-03,RESPONIND,129410308
2023-04-03,UNICHEMLAB,129712644
2023-04-03,HIL,130476804
2023-04-03,JINDRILL,130824708
2023-04-03,JAICORPLTD,131132676
2023-04-03,WELSPUNIND,131625476
2023-04-03,GANECOS,131626756
2023-04-03,HARSHA,139161604
2023-04-03,HERITGFOOD,133005316
2023-04-03,RAMRAT,133703940
2023-04-03,APCOTEXIND,134065668
2023-04-03,SHALBY,138444036
2023-04-03,RVNL,138918148
2023-04-03,ICICIBANK,136236548
2023-04-03,SUBEXLTD,247553
2023-04-03,M&MFIN,136376324
2023-04-03,KUANTUM,136431876
2023-04-03,NBCC,136783108
2023-04-03,TARC,139071748
2023-04-03,JUSTDIAL,137125892
2023-04-03,AMIORG,139097348
2023-04-03,SHIVALIK,138021892
2023-04-03,ARVSMART,138061060
2023-04-03,PRECAM,138146820
2023-04-10,TATAMTRDVR,145920260
2023-04-10,BOMDYEING,128005124
2023-04-10,FACT,151046148
2023-04-10,BEL,128012548
2023-04-10,KCP,151056900
2023-04-10,DALMIASUG,128024836
2023-04-10,ORISSAMINE,151062020
2023-04-10,MADRASFERT,151074308
2023-04-10,PIXTRANS,128085252
2023-04-10,PGHH,128117508
2023-04-10,BOROLTD,139062276
2023-04-10,ANDHRAPAP,128596484
2023-04-10,SESHAPAPER,128627204
2023-04-10,SIYSIL,128975620
2023-04-10,EICHERMOT,129331204
2023-04-10,RESPONIND,129410308
2023-04-10,ELECON,129459204
2023-04-10,UNICHEMLAB,129712644
2023-04-10,GMBREW,129916932
2023-04-10,JAGSNPHARM,129993988
2023-04-10,HEG,130465540
2023-04-10,JINDRILL,130824708
2023-04-10,WELSPUNIND,131625476
2023-04-10,GANECOS,131626756
2023-04-10,VISHNU,132114436
2023-04-10,HARSHA,139161604
2023-04-10,ONWARDTEC,132489220
2023-04-10,HNDFDS,132896260
2023-04-10,HERITGFOOD,133005316
2023-04-10,ICIL,133380100
2023-04-10,PRECWIRE,134025988
2023-04-10,IOLCP,134185988
2023-04-10,VINATIORGA,134195204
2023-04-10,AUBANK,138396420
2023-04-10,SIS,138412292
2023-04-10,JITFINFRA,138319620
2023-04-10,GANESHHOUC,134749956
2023-04-10,GREENPLY,134860036
2023-04-10,NAM-INDIA,138436356
2023-04-10,SHALBY,138444036
2023-04-10,APOLLO,138465028
2023-04-10,GALAXYSURF,138479364
2023-04-10,NRBBEARING,135773956
2023-04-10,GOODLUCK,135847684
2023-04-10,BALAMINES,135935748
2023-04-10,VIDHIING,136119556
2023-04-10,PRINCEPIPE,138984196
2023-04-10,ARTEMISMED,138987268
2023-04-10,MAXHEALTH,139064324
2023-04-10,SUBEXLTD,247553
2023-04-10,TAJGVK,136291844
2023-04-10,AXISCADES,136293124
2023-04-10,DIVISLAB,136316932
2023-04-10,PTC,136326148
2023-04-10,JSWHL,136356356
2023-04-10,CAMLINFINE,136405508
2023-04-10,DLF,136414212
2023-04-10,REFEX,136418308
2023-04-10,KUANTUM,136431876
2023-04-10,NHPC,136473092
2023-04-10,GODREJPROP,136486404
2023-04-10,DBREALTY,136488964
2023-04-10,OBEROIRLTY,136517892
2023-04-10,MUTHOOTFIN,136549892
2023-04-10,NBCC,136783108
2023-04-10,TARC,139071748
2023-04-10,CLEAN,139089412
2023-04-10,AMIORG,139097348
2023-04-10,LATENTVIEW,139109892
2023-04-10,SHIVALIK,138021892
2023-04-10,PRECAM,138146820
2023-04-10,BLS,138258692
2023-04-17,BOMDYEING,128005124
2023-04-17,FACT,151046148
2023-04-17,EXIDEIND,128022020
2023-04-17,IDBI,128029700
2023-04-17,MADRASFERT,151074308
2023-04-17,HSCL,128047108
2023-04-17,RAYMOND,128084484
2023-04-17,TIRUMALCHM,128105476
2023-04-17,BAJAJHLDNG,128125444
2023-04-17,EIHOTEL,128215044
2023-04-17,BBTC,128364804
2023-04-17,SHREDIGCEM,128558084
2023-04-17,ORIENTPPR,128619524
2023-04-17,TEXINFRA,129382404
2023-04-17,HEG,130465540
2023-04-17,MANYAVAR,139126532
2023-04-17,HNDFDS,132896260
2023-04-17,ADFFOODS,132910852
2023-04-17,MMFL,133693700
2023-04-17,IOLCP,134185988
2023-04-17,VINATIORGA,134195204
2023-04-17,VIMTALABS,134244868
2023-04-17,AVADHSUGAR,138406148
2023-04-17,SIS,138412292
2023-04-17,JITFINFRA,138319620
2023-04-17,NAM-INDIA,138436356
2023-04-17,LEMONTREE,138555652
2023-04-17,KRBL,135888132
2023-04-17,SOMANYCERA,136076292
2023-04-17,VIDHIING,136119556
2023-04-17,PRINCEPIPE,138984196
2023-04-17,INDRAMEDCO,136230404
2023-04-17,ANGELONE,139068164
2023-04-17,ACCELYA,136260612
2023-04-17,POKARNA,136316420
2023-04-17,DIVISLAB,136316932
2023-04-17,CENTURYPLY,136332292
2023-04-17,WELENT,136333572
2023-04-17,DWARKESH,136348164
2023-04-17,UTTAMSUGAR,136378628
2023-04-17,SMSPHARMA,136400644
2023-04-17,CAMLINFINE,136405508
2023-04-17,TRIL,136429572
2023-04-17,GODREJPROP,136486404
2023-04-17,DBCORP,136486660
2023-04-17,DBREALTY,136488964
2023-04-17,PSB,136523524
2023-04-17,MUTHOOTFIN,136549892
2023-04-17,FAIRCHEMOR,139072516
2023-04-17,CHEMPLASTS,139094020
2023-04-24,FORCEMOT,128008452
2023-04-24,BAJFINANCE,128008708
2023-04-24,SPIC,151047684
2023-04-24,BHEL,128026372
2023-04-24,SBIN,128028676
2023-04-24,ELECTCAST,128032772
2023-04-24,HEROMOTOCO,128046596
2023-04-24,KSL,128060164
2023-04-24,LUPIN,128065796
2023-04-24,MAHSCOOTER,128068100
2023-04-24,MANALIPETC,128068612
2023-04-24,RAYMOND,128084484
2023-04-24,ASHOKLEY,128122116
2023-04-24,TATACONSUM,128204804
2023-04-24,BRITANNIA,128211204
2023-04-24,CASTROLIND,128222724
2023-04-24,CEATLTD,128224772
2023-04-24,BBTC,128364804
2023-04-24,TALBROAUTO,129320964
2023-04-24,TEXINFRA,129382404
2023-04-24,PCBL,129687044
2023-04-24,MSUMI,139135492
2023-04-24,EMUDHRA,139144452
2023-04-24,JAMNAAUTO,133133060
2023-04-24,JAYBARMARU,133136900
2023-04-24,BALMLAWRIE,133969668
2023-04-24,PIIND,134052356
2023-04-24,HUDCO,138375684
2023-04-24,SOTL,134314756
2023-04-24,JASH,3579393
2023-04-24,MIDHANI,138545924
2023-04-24,LEMONTREE,138555652
2023-04-24,RELAXO,135812356
2023-04-24,VARROC,138643972
2023-04-24,KRBL,135888132
2023-04-24,MSTCLTD,2395137
2023-04-24,MARICO,136100356
2023-04-24,SBICARD,139024900
2023-04-24,MAZDOCK,139068676
2023-04-24,ENGINERSIN,136237572
2023-04-24,GMDCLTD,136238340
2023-04-24,TATACOFFEE,136269060
2023-04-24,BHARTIARTL,136308228
2023-04-24,POKARNA,136316420
2023-04-24,ASTRAMICRO,136318212
2023-04-24,UCOBANK,136321284
2023-04-24,MAHABANK,136326404
2023-04-24,WELENT,136333572
2023-04-24,SASKEN,136361732
2023-04-24,AURIONPRO,136363012
2023-04-24,FIEMIND,136388612
2023-04-24,DAAWAT,136392452
2023-04-24,TANLA,136394244
2023-04-24,PAGEIND,136403716
2023-04-24,DELTACORP,136409092
2023-04-24,TIMETECHNO,136411140
2023-04-24,CENTRALBK,136418564
2023-04-24,RELIGARE,136426244
2023-04-24,EDELWEISS,136428036
2023-04-24,JKIL,136432644
2023-04-24,DBCORP,136486660
2023-04-24,VASCONEQ,136487940
2023-04-24,PERSISTENT,136493828
2023-04-24,PSB,136523524
2023-04-24,TEXRAIL,136531460
2023-04-24,SCHNEIDER,136739588
2023-04-24,GLAND,139070724
2023-04-24,FAIRCHEMOR,139072516
2023-04-24,IRFC,139073796
2023-04-24,RAILTEL,139075844
2023-04-24,SHARDAMOTR,2695681
2023-04-24,SKIPPER,137871876
2023-04-24,SJS,139107076
2023-04-24,MAPMYINDIA,139116804
2023-04-24,METROBRAND,139117060
2023-04-24,SATIA,138035460
2023-04-24,SPORTKING,138040580
2023-04-24,IDFCFIRSTB,138095876
2023-04-24,LTTS,138269444
2023-05-02,BAJAJELEC,128007940
2023-05-02,BAJFINANCE,128008708
2023-05-02,SPIC,151047684
2023-05-02,BEPL,128013316
2023-05-02,CHAMBLFERT,128021764
2023-05-02,IFCI,128027140
2023-05-02,SBIN,128028676
2023-05-02,DCW,128029956
2023-05-02,HEROMOTOCO,128046596
2023-05-02,HCC,128047364
2023-05-02,MRF,128074244
2023-05-02,ASHOKLEY,128122116
2023-05-02,ESCORTS,128126724
2023-05-02,NOCIL,128186884
2023-05-02,TATACONSUM,128204804
2023-05-02,CASTROLIND,128222724
2023-05-02,FINPIPE,266497
2023-05-02,TINPLATE,129271300
2023-05-02,TALBROAUTO,129320964
2023-05-02,GABRIEL,129462788
2023-05-02,ALKYLAMINE,129732356
2023-05-02,TVSSRICHAK,130366212
2023-05-02,GMRP&UI,139133444
2023-05-02,MSUMI,139135492
2023-05-02,PARADEEP,139143684
2023-05-02,DBOL,139159812
2023-05-02,INOXGREEN,139178756
2023-05-02,UNIPARTS,139184388
2023-05-02,JAMNAAUTO,133133060
2023-05-02,BALMLAWRIE,133969668
2023-05-02,POLYPLEX,134157060
2023-05-02,RCF,134202884
2023-05-02,HUDCO,138375684
2023-05-02,COCHINSHIP,138413572
2023-05-02,ANDREWYU,134700292
2023-05-02,SBILIFE,138424068
2023-05-02,GICRE,138433284
2023-05-02,TIINDIA,138435076
2023-05-02,NIACL,138436868
2023-05-02,ISEC,138541828
2023-05-02,MIDHANI,138545924
2023-05-02,VARROC,138643972
2023-05-02,MSTCLTD,2395137
2023-05-02,IRCTC,138964484
2023-05-02,HAPPSTMNDS,139066116
2023-05-02,GMDCLTD,136238340
2023-05-02,TIPSINDLTD,136288004
2023-05-02,BSOFT,136294404
2023-05-02,ASTRAMICRO,136318212
2023-05-02,KEC,136374788
2023-05-02,KKCL,136379396
2023-05-02,FIEMIND,136388612
2023-05-02,IDEA,136402436
2023-05-02,IBREALEST,136404996
2023-05-02,CENTRALBK,136418564
2023-05-02,RELIGARE,136426244
2023-05-02,EDELWEISS,136428036
2023-05-02,JYOTHYLAB,136429060
2023-05-02,ECLERX,136429316
2023-05-02,DEN,136483076
2023-05-02,JUBLFOOD,136487684
2023-05-02,VASCONEQ,136487940
2023-05-02,PERSISTENT,136493828
2023-05-02,BAJAJCON,136506628
2023-05-02,TEXRAIL,136531460
2023-05-02,RBA,139071492
2023-05-02,IRFC,139073796
2023-05-02,RAILTEL,139075844
2023-05-02,SHARDAMOTR,2695681
2023-05-02,SURYODAY,139079428
2023-05-02,SKIPPER,137871876
2023-05-02,SJS,139107076
2023-05-02,SAPPHIRE,139109636
2023-05-02,MAPMYINDIA,139116804
2023-05-02,LTTS,138269444
2023-05-08,BAJAJELEC,128007940
2023-05-08,BEPL,128013316
2023-05-08,CHAMBLFERT,128021764
2023-05-08,MAITHANALL,151059972
2023-05-08,LICHSGFIN,128064772
2023-05-08,BIRLACORPN,128085764
2023-05-08,ESCORTS,128126724
2023-05-08,HINDUNILVR,128178180
2023-05-08,NOCIL,128186884
2023-05-08,TATACHEM,128197124
2023-05-08,FINPIPE,266497
2023-05-08,BALKRISIND,128602884
2023-05-08,GABRIEL,129462788
2023-05-08,TVSSRICHAK,130366212
2023-05-08,SATINDLTD,130835460
2023-05-08,PARADEEP,139143684
2023-05-08,ASAHIINDIA,131847684
2023-05-08,AVTNPL,132890884
2023-05-08,UNIPARTS,139184388
2023-05-08,RICOAUTO,133122052
2023-05-08,JTEKTINDIA,133134596
2023-05-08,POLYPLEX,134157060
2023-05-08,MATRIMONY,138420228
2023-05-08,ANDREWYU,134700292
2023-05-08,CAPACITE,138421764
2023-05-08,SBILIFE,138424068
2023-05-08,GICRE,138433284
2023-05-08,TIINDIA,138435076
2023-05-08,NIACL,138436868
2023-05-08,UDAICEMENT,135713540
2023-05-08,SANDHAR,138537732
2023-05-08,METROPOLIS,138918404
2023-05-08,EVEREADY,136066052
2023-05-08,HATSUN,136071940
2023-05-08,HAPPSTMNDS,139066116
2023-05-08,SOUTHBANK,136247812
2023-05-08,TIPSINDLTD,136288004
2023-05-08,BSOFT,136294404
2023-05-08,KEC,136374788
2023-05-08,DCBBANK,136389636
2023-05-08,TV18BRDCST,136396804
2023-05-08,MOTILALOFS,136420356
2023-05-08,KOLTEPATIL,136428548
2023-05-08,JYOTHYLAB,136429060
2023-05-08,ROSSELLIND,136491012
2023-05-08,SASTASUNDR,136514308
2023-05-08,PFS,136536068
2023-05-08,LODHA,139081476
2023-05-08,SHARDACROP,137898500
2023-05-08,SAPPHIRE,139109636
2023-05-08,GREENLAM,1753089
2023-05-08,RAMASTEEL,138063108
2023-05-08,LALPATHLAB,138118148
2023-05-08,LTIM,138241284
2023-05-15,KARURVYSYA,151040772
2023-05-15,CESC,128021508
2023-05-15,WHIRLPOOL,128060932
2023-05-15,M&M,128133124
2023-05-15,GLAXO,128168964
2023-05-15,PRAKASH,129541636
2023-05-15,DHANUKA,129975556
2023-05-15,NAVA,131333892
2023-05-15,HONAUT,132396548
2023-05-15,AVTNPL,132890884
2023-05-15,RICOAUTO,133122052
2023-05-15,JTEKTINDIA,133134596
2023-05-15,DIXON,138418948
2023-05-15,MATRIMONY,138420228
2023-05-15,SANDHAR,138537732
2023-05-15,HINDWAREAP,138983684
2023-05-15,MPSLTD,136304644
2023-05-15,ONMOBILE,136433668
2023-05-15,VGUARD,136435972
2023-05-15,SASTASUNDR,136514308
2023-05-15,CANTABIL,136516356
2023-05-15,REPCOHOME,137042436
2023-05-15,LODHA,139081476
2023-05-15,RAMASTEEL,138063108
2023-05-22,KARURVYSYA,151040772
2023-05-22,CIPLA,128022276
2023-05-22,DABUR,128024580
2023-05-22,WHIRLPOOL,128060932
2023-05-22,VEDL,128075524
2023-05-22,PEL,128077316
2023-05-22,SKFINDIA,128120836
2023-05-22,AWL,139125252
2023-05-22,ADANIENT,131225348
2023-05-22,LICI,139142660
2023-05-22,HINDCOPPER,131481348
2023-05-22,DPSCLTD,3947265
2023-05-22,DIXON,138418948
2023-05-22,NACLIND,134325508
2023-05-22,MBAPL,3247617
2023-05-22,CONFIPET,134868228
2023-05-22,CGCL,136088324
2023-05-22,MPSLTD,136304644
2023-05-22,PNB,136310020
2023-05-22,NDTV,136327428
2023-05-22,KTKBANK,136358916
2023-05-22,SUNTV,136379652
2023-05-22,IBREALEST,136404996
2023-05-22,CANTABIL,136516356
2023-05-22,JTLIND,136857604
2023-05-22,INDUSTOWER,136912900
2023-05-29,TCIEXP,138294276
2023-05-29,HMT,128048900
2023-05-29,PATANJALI,128094212
2023-05-29,ACC,128104964
2023-05-29,BAYERCROP,129608964
2023-05-29,AWL,139125252
2023-05-29,ADANIENT,131225348
2023-05-29,LICI,139142660
2023-05-29,HINDCOPPER,131481348
2023-05-29,KPIL,133705476
2023-05-29,VENKEYS,961793
2023-05-29,DPSCLTD,3947265
2023-05-29,CDSL,5420545
2023-05-29,NACLIND,134325508
2023-05-29,SUNPHARMA,134327044
2023-05-29,HIKAL,134332164
2023-05-29,MPHASIS,134732548
2023-05-29,ADANIGREEN,138611204
2023-05-29,ARVINDFASN,138875908
2023-05-29,UTIAMC,139068932
2023-05-29,PNBGILTS,136285700
2023-05-29,PNB,136310020
2023-05-29,NDTV,136327428
2023-05-29,JAGRAN,136372484
2023-05-29,KNRCON,136433156
2023-05-29,MOLDTKPAC,136468484
2023-05-29,RTNPOWER,136479236
2023-05-29,HATHWAY,136489476
2023-05-29,KICL,136525316
2023-05-29,MCX,136727300
2023-05-29,JTLIND,136857604
2023-05-29,HOMEFIRST,139074308
2023-05-29,INFIBEAM,138190596
2023-05-29,RBLBANK,138256644
2023-06-05,MTNL,128027652
2023-06-05,INDORAMA,128052996
2023-06-05,RAIN,128086788
2023-06-05,SPLPETRO,128103684
2023-06-05,TATASTEEL,128120324
2023-06-05,BAYERCROP,129608964
2023-06-05,MONARCH,130957060
2023-06-05,TATASTLLP,131330564
2023-06-05,PARADEEP,139143684
2023-06-05,TATAMETALI,131439108
2023-06-05,JAYNECOIND,133704964
2023-06-05,KPIL,133705476
2023-06-05,VENKEYS,961793
2023-06-05,CDSL,5420545
2023-06-05,SUNPHARMA,134327044
2023-06-05,HIKAL,134332164
2023-06-05,ZOTA,2916865
2023-06-05,FINEORG,138638596
2023-06-05,BCG,136286212
2023-06-05,ARVINDFASN,138875908
2023-06-05,SWSOLAR,138946564
2023-06-05,GEOJITFSL,136264964
2023-06-05,GATI,136280324
2023-06-05,PNBGILTS,136285700
2023-06-05,TTML,136286980
2023-06-05,UBL,136314372
2023-06-05,JPASSOCIAT,136328196
2023-06-05,JPPOWER,136352516
2023-06-05,YESBANK,136357892
2023-06-05,SOLARINDS,136377604
2023-06-05,ALLCARGO,136383748
2023-06-05,RPGLIFE,136443652
2023-06-05,MOLDTKPAC,136468484
2023-06-05,RTNPOWER,136479236
2023-06-05,HATHWAY,136489476
2023-06-05,KICL,136525316
2023-06-05,APLAPOLLO,136642052
2023-06-05,KALYANKJIL,139079172
2023-06-05,CARTRADE,139093252
2023-06-05,NYKAA,139106308
2023-06-05,SIGACHI,139107588
2023-06-05,SHK,138099204
2023-06-05,GOKULAGRO,138169604
2023-06-05,RBLBANK,138256644
2023-06-12,AMRUTANJAN,151041540
2023-06-12,MTNL,128027652
2023-06-12,INDORAMA,128052996
2023-06-12,MANALIPETC,128068612
2023-06-12,RAIN,128086788
2023-06-12,RELINFRA,128099844
2023-06-12,TATASTEEL,128120324
2023-06-12,EXCELINDUS,128166404
2023-06-12,CASTROLIND,128222724
2023-06-12,GILLETTE,130000644
2023-06-12,VIPIND,130017284
2023-06-12,MONARCH,130957060
2023-06-12,GMRP&UI,139133444
2023-06-12,TTKPRESTIG,132481540
2023-06-12,JAYNECOIND,133704964
2023-06-12,GTPL,138394116
2023-06-12,FILATEX,134714116
2023-06-12,FINEORG,138638596
2023-06-12,SAREGAMA,136233732
2023-06-12,GEOJITFSL,136264964
2023-06-12,WOCKPHARMA,136268804
2023-06-12,JPASSOCIAT,136328196
2023-06-12,JPPOWER,136352516
2023-06-12,ALLCARGO,136383748
2023-06-12,APLAPOLLO,136642052
2023-06-12,CARTRADE,139093252
2023-06-12,FINOPB,139106820
2023-06-12,SATIA,138035460
2023-06-19,AMRUTANJAN,151041540
2023-06-19,GHCL,128043780
2023-06-19,EXCELINDUS,128166404
2023-06-19,CENTRUM,128294404
2023-06-19,VIPIND,130017284
2023-06-19,TMB,139160580
2023-06-19,63MOONS,134881540
2023-06-19,MAHLOG,138436612
2023-06-19,SUMICHEM,138987524
2023-06-19,JINDALSTEL,136265220
2023-06-19,IMFA,136460036
2023-06-19,DLINKINDIA,136485380
2023-06-19,TARSONS,139110148
2023-06-26,CENTRUM,128294404
2023-06-26,TMB,139160580
2023-06-26,PANAMAPET,134353924
2023-06-26,SEAMECLTD,134862596
2023-06-26,63MOONS,134881540
2023-06-26,SHILPAMED,135820548
2023-06-26,JINDALSTEL,136265220
2023-06-26,TCS,136330244
2023-06-26,IMFA,136460036
2023-06-26,TARSONS,139110148
2023-06-26,STARHEALTH,139113476
2023-07-03,HINDZINC,128048132
2023-07-03,ZEEL,129417476
2023-07-03,SEAMECLTD,134862596
2023-07-03,ORIENTELEC,138573060
2023-07-03,BANKINDIA,136230148
2023-07-03,GAIL,136231684
2023-07-10,HINDZINC,128048132
2023-07-10,INFOBEAN,139172868
2023-07-10,NMDC,134750980
2023-07-10,SPCENET,4959233
2023-07-10,BANKINDIA,136230148
2023-07-10,GAIL,136231684
2023-07-10,SEPC,136433924
2023-07-10,OIL,136475140
2023-07-17,GANESHBE,128039172
2023-07-17,KSB,128063748
2023-07-17,GAEL,134201860
2023-07-17,NMDC,134750980
2023-07-17,SPCENET,4959233
2023-07-17,ASHAPURMIN,134912260
2023-07-17,KRBL,135888132
2023-07-17,NELCAST,136413188
2023-07-17,SEPC,136433924
2023-07-17,DHANI,136437764
2023-07-24,BALRAMCHIN,128009732
2023-07-24,KSB,128063748
2023-07-24,MUKANDLTD,128117764
2023-07-24,ASHAPURMIN,134912260
2023-07-24,KRBL,135888132
2023-07-24,DHANI,136437764
2023-07-24,GUJGASLTD,2713345
2023-07-31,VOLTAS,128147204
2023-07-31,BFINVEST,136525572
2023-07-31,RHIM,136723460
2023-08-07,VAKRANGEE,130926340
2023-08-07,HONDAPOWER,133648388
2023-08-07,PAGEIND,136403716
2023-08-07,BFINVEST,136525572
2023-08-07,CLEAN,139089412
2023-08-14,ANDHRAPAP,128596484
2023-08-14,SESHAPAPER,128627204
2023-08-14,RANEHOLDIN,129484804
2023-08-14,APCOTEXIND,134065668
